year	date	venue	weather	going	heads	rank	waku	umaban	name	sexage	kinryo	jockey	ninki	odds	time	margin	pass_	agari	aff	trainer	weight	flag
2025	2025-10-13	京都	晴	良	18	1	4	7	オフトレイル	牡4	57.0	菅原明良	5	7.5	1:18.9	レコード	11-11	33.2	栗	吉村圭司	462(－2)	外
2025	2025-10-13	京都	晴	良	18	2	2	4	ワイドラトゥール	牝4	55.0	北村友一	12	43.7	1:18.9	クビ	11-11	33.3	栗	藤原英昭	428(＋8)	
2025	2025-10-13	京都	晴	良	18	3	1	1	ランスオブカオス	牡3	55.0	吉村誠之	4	7.0	1:19.0	1/2	6-6	33.6	栗	奥村豊	492(－2)	
2025	2025-10-13	京都	晴	良	18	4	3	5	ウインマーベル	牡6	57.0	松山弘平	3	5.9	1:19.0	ハナ	4-4	33.8	美	深山雅史	482(－2)	
2025	2025-10-13	京都	晴	良	18	5	5	9	シュタールヴィント	牡5	57.0	小崎綾也	14	64.9	1:19.1	3/4	13-13	33.2	栗	矢作芳人	446(0)	
2025	2025-10-13	京都	晴	良	18	6	7	14	アドマイヤズーム	牡3	55.0	坂井瑠星	2	4.7	1:19.1	クビ	6-6	33.7	栗	友道康夫	474(－4)	
2025	2025-10-13	京都	晴	良	18	7	7	13	ダンツエラン	牝3	53.0	松若風馬	17	201.6	1:19.2	クビ	15-13	33.2	栗	本田優	492(＋2)	
2025	2025-10-13	京都	晴	良	18	8	4	8	ワールズエンド	牡4	57.0	戸崎圭太	1	4.4	1:19.2	アタマ	1-1	34.3	栗	池添学	470(＋2)	
2025	2025-10-13	京都	晴	良	18	9	8	18	レッドモンレーヴ	牡6	57.0	酒井学	15	78.1	1:19.3	クビ	17-16	33.0	美	蛯名正義	512(－12)	
2025	2025-10-13	京都	晴	良	18	10	6	12	ロジリオン	牡4	57.0	古川吉洋	7	18.8	1:19.4	1/2	6-8	33.9	美	古賀慎明	504(＋8)	
2025	2025-10-13	京都	晴	良	18	10	7	15	ショウナンザナドゥ	牝3	53.0	池添謙一	10	26.8	1:19.4	1/2	10-10	33.8	栗	松下武士	450(－2)	
2025	2025-10-13	京都	晴	良	18	12	1	2	タイムトゥヘヴン	牡7	57.0	柴田善臣	16	86.9	1:19.5	1	17-18	33.1	美	戸田博文	482(－2)	
2025	2025-10-13	京都	晴	良	18	13	8	16	グレイイングリーン	牡7	57.0	高杉吏麒	13	48.5	1:19.5	ハナ	16-16	33.3	栗	池江泰寿	504(＋6)	
2025	2025-10-13	京都	晴	良	18	14	2	3	ムイ	牝3	53.0	岩田望来	9	21.9	1:19.8	1 1/2	14-13	33.9	栗	笹田和秀	478(＋14)	
2025	2025-10-13	京都	晴	良	18	15	5	10	アルテヴェローチェ	牡3	55.0	佐々木大	6	16.9	1:19.8	クビ	4-4	34.5	栗	須貝尚介	462(＋6)	
2025	2025-10-13	京都	晴	良	18	16	6	11	バルサムノート	牡5	57.0	小沢大仁	18	281.3	1:20.1	2	2-3	35.0	栗	高野友和	516(＋6)	
2025	2025-10-13	京都	晴	良	18	17	8	17	アサカラキング	牡5	57.0	岩田康誠	8	19.1	1:20.2	クビ	2-2	35.2	美	斎藤誠	526(－4)	
2025	2025-10-13	京都	晴	良	18	18	3	6	ソーダズリング	牝5	55.0	菱田裕二	11	29.7	1:20.9	4	6-8	35.4	栗	新谷功一	466(－4)	
2024	2024-10-26	京都	曇	良	17	1	8	17	ダノンマッキンリー	牡3	55.0	松山弘平	5	10.9	1:20.5		11-11	34.0	栗	藤原英昭	464(－4)	
2024	2024-10-26	京都	曇	良	17	2	3	6	オフトレイル	牡3	55.0	武豊	6	12.5	1:20.6	クビ	17-16	33.1	栗	吉村圭司	448(＋6)	外
2024	2024-10-26	京都	曇	良	17	3	3	5	トゥラヴェスーラ	牡9	57.0	藤岡佑介	13	56.2	1:20.6	クビ	14-14	33.6	栗	高橋康之	480(0)	
2024	2024-10-26	京都	曇	良	17	4	7	13	ノーブルロジャー	牡3	55.0	田口貫太	7	18.9	1:20.8	1	4-5	34.8	栗	吉岡辰弥	488(＋8)	外
2024	2024-10-26	京都	曇	良	17	5	6	11	シングザットソング	牝4	55.0	斎藤新	9	23.6	1:20.8	クビ	4-4	35.0	栗	高野友和	440(＋2)	
2024	2024-10-26	京都	曇	良	17	6	5	9	ウインカーネリアン	牡7	57.0	三浦皇成	4	8.1	1:20.8	ハナ	1-1	35.3	美	鹿戸雄一	512(＋2)	
2024	2024-10-26	京都	曇	良	17	7	8	15	マテンロウオリオン	牡5	57.0	横山典弘	17	203.2	1:20.9	クビ	16-16	33.6	栗	昆貢	474(－18)	
2024	2024-10-26	京都	曇	良	17	8	8	16	セルバーグ	牡5	57.0	今村聖奈	16	84.5	1:20.9	クビ	7-9	34.6	栗	鈴木孝志	432(－2)	
2024	2024-10-26	京都	曇	良	17	9	6	12	ダノンスコーピオン	牡5	58.0	シュタルケ	11	31.6	1:20.9	アタマ	7-7	34.7	栗	福永祐一	464(－8)	
2024	2024-10-26	京都	曇	良	17	10	7	14	アグリ	牡5	57.0	Cデムーロ	3	4.8	1:21.0	クビ	2-2	35.4	栗	杉山晴紀	504(＋10)	
2024	2024-10-26	京都	曇	良	17	11	4	7	バースクライ	牝4	55.0	岩田望来	15	84.3	1:21.0	クビ	7-7	34.9	栗	千田輝彦	496(＋4)	
2024	2024-10-26	京都	曇	良	17	12	5	10	ピンハイ	牝5	55.0	高倉稜	12	53.9	1:21.1	クビ	15-15	33.9	栗	田中克典	424(＋16)	
2024	2024-10-26	京都	曇	良	17	13	2	4	クランフォード	牝3	53.0	西村淳也	1	4.1	1:21.1	クビ	3-3	35.3	栗	杉山晴紀	458(＋2)	
2024	2024-10-26	京都	曇	良	17	14	2	3	キングエルメス	牡5	57.0	北村友一	8	23.2	1:21.4	1 1/2	12-11	34.8	栗	矢作芳人	516(＋22)	
2024	2024-10-26	京都	曇	良	17	15	4	8	スズハローム	牡4	57.0	鮫島克駿	2	4.6	1:21.4	アタマ	13-13	34.6	栗	牧田和弥	454(＋4)	
2024	2024-10-26	京都	曇	良	17	16	1	1	サーマルウインド	牝5	55.0	団野大成	10	24.0	1:22.1	4	4-5	36.1	美	奥村武	522(－8)	
2024	2024-10-26	京都	曇	良	17	17	1	2	ジョウショーホープ	牡4	57.0	幸英明	14	61.2	1:22.1	ハナ	7-9	35.8	栗	新谷功一	470(－4)	
2023	2023-10-28	京都	晴	良	18	1	2	3	ウイングレイテスト	牡6	57.0	松岡正海	10	21.6	1:19.9		2-2	34.4	美	畠山吉宏	500(＋4)	
2023	2023-10-28	京都	晴	良	18	2	7	15	ララクリスティーヌ	牝5	55.0	菅原明良	6	10.9	1:20.0	クビ	4-4	34.2	栗	斉藤崇史	456(0)	
2023	2023-10-28	京都	晴	良	18	3	8	18	ロータスランド	牝6	55.0	岩田康誠	11	33.7	1:20.1	3/4	17-13	33.5	栗	辻野泰之	488(＋16)	外
2023	2023-10-28	京都	晴	良	18	4	1	2	ルガル	牡3	55.0	武豊	3	6.3	1:20.1	ハナ	14-11	33.8	栗	杉山晴紀	516(－6)	
2023	2023-10-28	京都	晴	良	18	5	8	16	ウインマーベル	牡4	57.0	西村淳也	7	14.0	1:20.3	1 1/4	6-6	34.4	美	深山雅史	474(＋2)	
2023	2023-10-28	京都	晴	良	18	6	4	8	グレナディアガーズ	牡5	57.0	岩田望来	2	5.6	1:20.3	アタマ	16-16	33.6	栗	中内田充	468(0)	
2023	2023-10-28	京都	晴	良	18	7	5	9	アヴェラーレ	牝5	55.0	川田将雅	1	3.9	1:20.4	1/2	8-10	34.3	美	木村哲也	446(＋4)	
2023	2023-10-28	京都	晴	良	18	8	7	14	インダストリア	牡4	57.0	丸山元気	9	18.5	1:20.4	アタマ	11-11	34.1	美	宮田敬介	492(－2)	
2023	2023-10-28	京都	晴	良	18	9	2	4	トウシンマカオ	牡4	57.0	横山和生	4	8.4	1:20.6	1	1-1	35.2	美	高柳瑞樹	464(－8)	
2023	2023-10-28	京都	晴	良	18	10	4	7	デュガ	牡4	57.0	松若風馬	17	215.7	1:20.7	クビ	6-8	34.7	栗	森秀行	512(＋6)	外
2023	2023-10-28	京都	晴	良	18	11	1	1	エクセトラ	牡4	57.0	モレイラ	5	9.3	1:20.7	ハナ	8-6	34.8	栗	吉村圭司	530(＋4)	外
2023	2023-10-28	京都	晴	良	18	12	3	5	タマモブラックタイ	牡3	55.0	角田大和	15	84.5	1:20.7	クビ	4-4	34.9	栗	角田晃一	512(0)	
2023	2023-10-28	京都	晴	良	18	13	6	12	ルージュスティリア	牝4	55.0	坂井瑠星	8	17.1	1:20.7	クビ	11-13	34.4	栗	藤原英昭	498(＋8)	
2023	2023-10-28	京都	晴	良	18	14	5	10	メイショウソラフネ	牡4	57.0	角田大河	14	63.3	1:20.8	1/2	2-2	35.3	栗	石橋守	448(0)	
2023	2023-10-28	京都	晴	良	18	15	3	6	スマートリアン	牝6	55.0	柴田善臣	13	44.7	1:20.9	クビ	14-16	34.3	栗	石橋守	482(＋6)	
2023	2023-10-28	京都	晴	良	18	16	6	11	カイザーミノル	牡7	57.0	藤岡康太	18	349.7	1:21.0	3/4	17-18	34.0	栗	北出成人	468(＋10)	
2023	2023-10-28	京都	晴	良	18	17	8	17	サブライムアンセム	牝4	55.0	池添謙一	12	39.9	1:21.0	クビ	10-8	34.9	栗	藤原英昭	488(0)	
2023	2023-10-28	京都	晴	良	18	18	7	13	ミッキーブリランテ	牡7	57.0	和田竜二	16	136.0	1:21.1	1/2	11-15	34.6	栗	矢作芳人	470(＋6)	
2022	2022-10-29	阪神	晴	良	18	1	2	4	ダイアトニック	牡7	56.0	岩田康誠	4	6.6	1:19.8		5-5	34.2	栗	安田隆行	472(－6)	
2022	2022-10-29	阪神	晴	良	18	2	2	3	ララクリスティーヌ	牝4	54.0	菅原明良	10	31.1	1:20.0	1	9-8	34.2	栗	斉藤崇史	450(0)	
2022	2022-10-29	阪神	晴	良	18	3	6	11	ルプリュフォール	セ6	56.0	武豊	11	36.1	1:20.0	アタマ	16-16	33.5	栗	松永幹夫	500(－2)	
2022	2022-10-29	阪神	晴	良	18	4	4	8	トゥラヴェスーラ	牡7	56.0	鮫島克駿	5	8.9	1:20.0	クビ	13-11	33.9	栗	高橋康之	492(＋10)	
2022	2022-10-29	阪神	晴	良	18	5	3	5	キングオブコージ	牡6	57.0	浜中俊	12	79.1	1:20.0	アタマ	7-5	34.3	栗	安田翔伍	500(＋8)	
2022	2022-10-29	阪神	晴	良	18	6	4	7	ロータスランド	牝5	54.0	岩田望来	3	5.7	1:20.1	クビ	6-5	34.4	栗	辻野泰之	486(＋2)	外
2022	2022-10-29	阪神	晴	良	18	7	3	6	マテンロウオリオン	牡3	54.0	横山典弘	2	5.5	1:20.3	1 1/4	18-17	33.5	栗	昆貢	486(＋2)	
2022	2022-10-29	阪神	晴	良	18	8	6	12	サブライムアンセム	牝3	52.0	福永祐一	6	8.9	1:20.5	1	13-14	34.3	栗	藤原英昭	488(＋10)	
2022	2022-10-29	阪神	晴	良	18	9	1	2	ヴァトレニ	セ4	56.0	横山和生	8	16.6	1:20.6	1/2	1-1	35.4	栗	長谷川浩	450(＋4)	
2022	2022-10-29	阪神	晴	良	18	10	1	1	ホウオウアマゾン	牡4	56.0	Cデムーロ	1	4.5	1:20.7	3/4	3-4	35.3	栗	矢作芳人	520(＋8)	
2022	2022-10-29	阪神	晴	良	18	11	5	10	ベステンダンク	牡10	56.0	松若風馬	18	305.4	1:20.7	ハナ	13-14	34.5	栗	安達昭夫	522(＋16)	
2022	2022-10-29	阪神	晴	良	18	12	7	13	キャプテンドレイク	牡5	56.0	藤岡康太	16	175.7	1:20.9	1	9-8	35.0	栗	今野貞一	498(＋12)	地
2022	2022-10-29	阪神	晴	良	18	13	8	18	アイラブテーラー	牝6	54.0	幸英明	17	209.7	1:20.9	ハナ	3-2	35.5	栗	河内洋	470(＋8)	
2022	2022-10-29	阪神	晴	良	18	14	5	9	ケイデンスコール	牡6	56.0	北村友一	15	165.7	1:21.0	1/2	17-17	34.3	栗	安田隆行	478(＋8)	
2022	2022-10-29	阪神	晴	良	18	15	7	15	ミッキーブリランテ	牡6	56.0	和田竜二	14	122.5	1:21.4	2 1/2	2-2	36.1	栗	矢作芳人	476(＋6)	
2022	2022-10-29	阪神	晴	良	18	16	7	14	メイショウミモザ	牝5	54.0	池添謙一	13	83.6	1:21.5	クビ	7-8	35.7	栗	池添兼雄	460(＋12)	
2022	2022-10-29	阪神	晴	良	18	17	8	16	レイモンドバローズ	牡4	56.0	吉田隼人	9	31.0	1:21.6	1	11-11	35.6	栗	上村洋行	492(＋2)	
2022	2022-10-29	阪神	晴	良	18	18	8	17	スカイグルーヴ	牝5	54.0	ルメール	7	10.2	1:21.8	1 1/4	11-11	35.8	美	木村哲也	456(－8)	
2021	2021-10-30	阪神	晴	良	18	1	5	9	ダノンファンタジー	牝5	55.0	川田将雅	1	3.7	1:20.7		7-9	34.5	栗	中内田充	478(＋6)	
2021	2021-10-30	阪神	晴	良	18	2	1	2	サウンドキアラ	牝6	54.0	松若風馬	5	9.8	1:20.8	3/4	7-10	34.5	栗	安達昭夫	466(＋8)	
2021	2021-10-30	阪神	晴	良	18	3	3	6	ホウオウアマゾン	牡3	54.0	坂井瑠星	3	6.7	1:20.9	1/2	1-1	35.3	栗	矢作芳人	508(＋22)	
2021	2021-10-30	阪神	晴	良	18	4	2	3	ルークズネスト	牡3	54.0	幸英明	2	3.9	1:20.9	ハナ	7-12	34.5	栗	浜田多実	512(＋4)	
2021	2021-10-30	阪神	晴	良	18	5	7	14	ステルヴィオ	牡6	57.0	和田竜二	6	12.6	1:21.0	クビ	12-10	34.7	美	岩戸孝樹	488(－12)	
2021	2021-10-30	阪神	晴	良	18	6	8	16	ファーストフォリオ	牝4	54.0	藤岡康太	14	74.0	1:21.0	アタマ	16-14	34.3	栗	須貝尚介	432(－2)	
2021	2021-10-30	阪神	晴	良	18	7	1	1	リレーションシップ	牡4	56.0	松田大作	8	25.2	1:21.0	アタマ	7-6	34.8	栗	須貝尚介	500(－2)	
2021	2021-10-30	阪神	晴	良	18	8	6	12	アイラブテーラー	牝5	54.0	藤岡佑介	10	33.8	1:21.1	1/2	18-17	34.2	栗	河内洋	460(＋2)	
2021	2021-10-30	阪神	晴	良	18	9	3	5	セイウンコウセイ	牡8	57.0	勝浦正樹	13	52.3	1:21.2	クビ	4-3	35.3	美	上原博之	500(－14)	
2021	2021-10-30	阪神	晴	良	18	10	8	17	マイスタイル	牡7	56.0	横山典弘	12	46.8	1:21.2	クビ	2-2	35.6	栗	昆貢	466(＋4)	
2021	2021-10-30	阪神	晴	良	18	11	4	8	ギルデッドミラー	牝4	54.0	団野大成	7	20.5	1:21.2	アタマ	15-14	34.6	栗	松永幹夫	488(－2)	
2021	2021-10-30	阪神	晴	良	18	12	7	13	ガゼボ	牡6	56.0	川又賢治	17	104.5	1:21.4	1 1/4	12-14	34.8	栗	石坂公一	536(－2)	
2021	2021-10-30	阪神	晴	良	18	13	2	4	ルフトシュトローム	牡4	56.0	岩田望来	15	75.8	1:21.6	3/4	16-17	34.8	美	堀宣行	498(＋6)	
2021	2021-10-30	阪神	晴	良	18	14	8	18	タイムフライヤー	牡6	56.0	池添謙一	11	45.9	1:21.6	ハナ	7-6	35.5	栗	橋口慎介	474(－10)	
2021	2021-10-30	阪神	晴	良	18	15	5	10	クリノガウディー	牡5	56.0	岩田康誠	4	7.3	1:21.8	1 1/2	12-12	35.3	栗	藤沢則雄	490(＋2)	
2021	2021-10-30	阪神	晴	良	18	16	6	11	フィアーノロマーノ	牡7	56.0	鮫島克駿	9	32.4	1:22.1	1 3/4	4-3	36.2	栗	高野友和	552(－8)	外
2021	2021-10-30	阪神	晴	良	18	17	7	15	ビッククインバイオ	牝4	54.0	秋山真一	18	114.8	1:22.6	3	3-3	36.7	栗	新谷功一	490(－8)	
2021	2021-10-30	阪神	晴	良	18	18	4	7	カツジ	牡6	57.0	浜中俊	16	83.8	1:22.6	クビ	4-6	36.5	栗	池添兼雄	496(＋10)	
2020	2020-10-31	京都	晴	良	16	1	2	4	カツジ	牡5	56.0	岩田康誠	11	143.7	1:21.2		1-1	34.3	栗	池添兼雄	500(＋2)	
2020	2020-10-31	京都	晴	良	16	2	8	16	ステルヴィオ	牡5	57.0	池添謙一	3	5.0	1:21.4	1	5-5	34.3	美	木村哲也	494(＋4)	
2020	2020-10-31	京都	晴	良	16	3	1	2	アドマイヤマーズ	牡4	58.0	川田将雅	2	2.8	1:21.5	1/2	2-2	34.5	栗	友道康夫	482(＋6)	
2020	2020-10-31	京都	晴	良	16	4	7	14	アルーシャ	牝5	54.0	武豊	4	15.8	1:21.5	クビ	9-7	34.0	美	藤沢和雄	452(－6)	
2020	2020-10-31	京都	晴	良	16	5	3	6	シヴァージ	牡5	56.0	藤岡佑介	5	17.5	1:21.5	ハナ	15-15	33.4	栗	野中賢二	506(＋6)	外
2020	2020-10-31	京都	晴	良	16	6	7	13	キングハート	牡7	56.0	小崎綾也	16	467.5	1:21.6	クビ	10-11	33.9	美	星野忍	498(－2)	
2020	2020-10-31	京都	晴	良	16	7	5	9	カテドラル	牡4	56.0	福永祐一	6	20.1	1:21.6	ハナ	11-10	33.9	栗	池添学	490(＋8)	
2020	2020-10-31	京都	晴	良	16	8	4	7	ベステンダンク	牡8	56.0	北村友一	10	92.4	1:21.6	アタマ	8-7	34.2	栗	安達昭夫	524(＋8)	
2020	2020-10-31	京都	晴	良	16	9	3	5	メイショウオーパス	牡5	56.0	幸英明	8	35.7	1:21.6	クビ	12-11	33.7	栗	飯田祐史	512(－4)	
2020	2020-10-31	京都	晴	良	16	10	1	1	サウンドキアラ	牝5	54.0	松山弘平	1	2.4	1:21.7	クビ	5-7	34.4	栗	安達昭夫	458(－2)	
2020	2020-10-31	京都	晴	良	16	11	5	10	ボンセルヴィーソ	牡6	56.0	木幡巧也	7	27.3	1:21.7	クビ	2-2	34.7	栗	池添学	490(＋6)	
2020	2020-10-31	京都	晴	良	16	12	4	8	レインボーフラッグ	牡7	56.0	和田竜二	13	204.3	1:21.7	クビ	12-14	33.8	栗	小崎憲	464(＋2)	
2020	2020-10-31	京都	晴	良	16	13	6	12	プロディガルサン	牡7	56.0	国分優作	12	170.2	1:21.9	1 1/4	5-2	34.9	美	国枝栄	502(－8)	
2020	2020-10-31	京都	晴	良	16	14	8	15	スマートオーディン	牡7	56.0	藤井勘一	9	57.5	1:22.2	1 3/4	12-11	34.4	栗	池江泰寿	502(－2)	
2020	2020-10-31	京都	晴	良	16	15	2	3	ロケット	牝5	54.0	酒井学	14	211.7	1:22.2	クビ	2-5	35.1	栗	石橋守	478(0)	
2020	2020-10-31	京都	晴	良	16	16	6	11	タイムトリップ	牡6	56.0	柴山雄一	15	342.9	1:23.2	6	16-16	34.9	美	菊川正達	492(－4)	
2019	2019-10-26	京都	晴	稍重	18	1	8	17	ダイアトニック	牡4	56.0	スミヨン	1	2.9	1:21.3		12-11	33.6	栗	安田隆行	476(0)	
2019	2019-10-26	京都	晴	稍重	18	2	5	10	モズアスコット	牡5	57.0	岩田康誠	2	4.4	1:21.3	ハナ	10-9	33.8	栗	矢作芳人	498(0)	外
2019	2019-10-26	京都	晴	稍重	18	3	4	8	マイスタイル	牡5	56.0	田中勝春	5	12.3	1:21.3	クビ	6-5	34.0	栗	昆貢	464(＋2)	
2019	2019-10-26	京都	晴	稍重	18	4	7	14	タイムトリップ	牡5	56.0	藤岡康太	16	144.7	1:21.9	3 1/2	15-16	33.7	美	菊川正達	498(0)	
2019	2019-10-26	京都	晴	稍重	18	5	4	7	グァンチャーレ	牡7	56.0	松岡正海	3	6.0	1:21.9	ハナ	8-8	34.5	栗	北出成人	472(0)	
2019	2019-10-26	京都	晴	稍重	18	6	5	9	トゥザクラウン	牡5	56.0	福永祐一	8	20.0	1:21.9	アタマ	4-3	35.1	栗	池江泰寿	528(＋4)	
2019	2019-10-26	京都	晴	稍重	18	7	3	5	キングハート	牡6	56.0	菱田裕二	18	337.7	1:21.9	クビ	6-5	34.6	美	星野忍	492(－6)	
2019	2019-10-26	京都	晴	稍重	18	8	8	18	セイウンコウセイ	牡6	57.0	幸英明	11	32.4	1:22.0	クビ	2-2	35.4	美	上原博之	492(－8)	
2019	2019-10-26	京都	晴	稍重	18	9	7	15	スマートオーディン	牡6	56.0	武豊	6	12.9	1:22.0	クビ	17-13	33.7	栗	池江泰寿	512(＋12)	
2019	2019-10-26	京都	晴	稍重	18	10	3	6	アマルフィコースト	牝4	54.0	坂井瑠星	4	12.3	1:22.2	1 1/2	5-5	35.0	栗	牧田和弥	470(＋2)	
2019	2019-10-26	京都	晴	稍重	18	11	2	3	マルターズアポジー	牡7	56.0	松若風馬	14	92.4	1:22.4	1	3-3	35.6	美	堀井雅広	526(－10)	
2019	2019-10-26	京都	晴	稍重	18	12	2	4	カルヴァリオ	セ6	56.0	黛弘人	17	165.7	1:22.4	クビ	10-11	34.8	美	大竹正博	476(－2)	
2019	2019-10-26	京都	晴	稍重	18	13	7	13	キャナルストリート	牝5	54.0	浜中俊	10	31.9	1:22.4	ハナ	14-15	34.4	美	大竹正博	468(－4)	
2019	2019-10-26	京都	晴	稍重	18	14	1	2	ノーワン	牝3	52.0	松山弘平	7	14.9	1:22.5	1/2	8-9	35.0	栗	笹田和秀	484(＋16)	
2019	2019-10-26	京都	晴	稍重	18	15	1	1	ロードクエスト	牡6	57.0	シュタルケ	9	27.7	1:22.7	1 1/2	12-13	34.8	美	小島茂之	460(0)	
2019	2019-10-26	京都	晴	稍重	18	16	6	11	イエローマリンバ	牝4	54.0	北村友一	13	76.3	1:22.9	1 1/4	1-1	36.6	栗	河内洋	448(＋6)	
2019	2019-10-26	京都	晴	稍重	18	17	6	12	ムーンクエイク	セ6	56.0	藤岡佑介	12	65.6	1:23.0	クビ	17-18	34.6	美	藤沢和雄	502(－6)	
2019	2019-10-26	京都	晴	稍重	18	18	8	16	モーニン	牡7	57.0	和田竜二	15	130.7	1:23.2	1 1/4	15-16	35.0	栗	石坂正	526(＋6)	外
2018	2018-10-27	京都	晴	良	11	1	7	8	ロードクエスト	牡5	56.0	Mデムーロ	2	5.6	1:21.5		10-10	34.2	美	小島茂之	458(－2)	
2018	2018-10-27	京都	晴	良	11	2	8	10	モズアスコット	牡4	58.0	ルメール	1	1.3	1:21.5	ハナ	7-8	34.5	栗	矢作芳人	492(＋10)	外
2018	2018-10-27	京都	晴	良	11	3	5	5	グァンチャーレ	牡6	56.0	古川吉洋	8	38.7	1:21.6	1/2	5-4	35.1	栗	北出成人	466(－6)	
2018	2018-10-27	京都	晴	良	11	4	3	3	ベステンダンク	牡6	56.0	川田将雅	4	13.9	1:21.6	クビ	3-2	35.3	栗	安達昭夫	514(＋6)	
2018	2018-10-27	京都	晴	良	11	5	8	11	コウエイタケル	牡7	56.0	小牧太	10	70.9	1:22.2	3 1/2	3-4	35.7	栗	山内研二	504(＋2)	
2018	2018-10-27	京都	晴	良	11	6	4	4	デアレガーロ	牝4	54.0	福永祐一	5	21.9	1:22.2	ハナ	7-8	35.2	美	大竹正博	454(－8)	
2018	2018-10-27	京都	晴	良	11	7	6	6	レーヌミノル	牝4	54.0	和田竜二	3	12.4	1:22.2	ハナ	1-1	36.2	栗	本田優	492(＋12)	
2018	2018-10-27	京都	晴	良	11	8	6	7	キングハート	牡5	56.0	小崎綾也	9	63.9	1:22.5	1 3/4	2-2	36.2	美	星野忍	500(＋2)	
2018	2018-10-27	京都	晴	良	11	9	1	1	ドルチャーリオ	牡5	56.0	池添謙一	11	154.6	1:22.8	2	11-10	35.4	栗	池添兼雄	446(＋6)	
2018	2018-10-27	京都	晴	良	11	10	2	2	サフランハート	牡5	56.0	幸英明	6	27.3	1:22.8	クビ	7-6	35.9	栗	北出成人	456(＋4)	
2018	2018-10-27	京都	晴	良	11	11	7	9	ヒルノデイバロー	牡7	56.0	四位洋文	7	32.6	1:22.9	1/2	5-6	36.1	栗	昆貢	512(＋10)	地
2017	2017-10-28	京都	雨	重	18	1	2	3	サングレーザー	牡3	54.0	Cデムーロ	2	5.2	1:22.4		12-9	34.8	栗	浅見秀一	476(＋2)	
2017	2017-10-28	京都	雨	重	18	2	2	4	ヒルノデイバロー	牡6	56.0	四位洋文	12	44.8	1:22.4	アタマ	3-3	35.5	栗	昆貢	520(－4)	地
2017	2017-10-28	京都	雨	重	18	3	1	2	レッツゴードンキ	牝5	54.0	岩田康誠	1	3.2	1:22.7	1 3/4	7-5	35.5	栗	梅田智之	510(＋14)	
2017	2017-10-28	京都	雨	重	18	4	1	1	ビップライブリー	牡4	56.0	松若風馬	9	22.2	1:22.7	クビ	12-9	35.2	栗	清水久詞	462(＋6)	
2017	2017-10-28	京都	雨	重	18	5	7	15	ダノンメジャー	牡5	56.0	武豊	5	9.5	1:22.8	1/2	2-2	36.0	栗	橋口慎介	502(＋12)	
2017	2017-10-28	京都	雨	重	18	6	7	13	トウショウピスト	牡5	56.0	古川吉洋	15	187.2	1:22.8	アタマ	1-1	36.2	栗	角田晃一	482(＋2)	
2017	2017-10-28	京都	雨	重	18	7	5	10	トーセンデューク	牡6	56.0	浜中俊	13	78.8	1:23.0	3/4	16-14	35.3	栗	藤原英昭	452(0)	
2017	2017-10-28	京都	雨	重	18	8	8	16	ムーンクレスト	牡5	56.0	荻野極	10	34.6	1:23.0	アタマ	3-3	36.1	栗	本田優	470(－6)	
2017	2017-10-28	京都	雨	重	18	9	5	9	トーキングドラム	牡7	56.0	藤岡康太	16	221.5	1:23.1	3/4	15-14	35.4	美	斎藤誠	480(0)	
2017	2017-10-28	京都	雨	重	18	10	4	7	キャンベルジュニア	牡5	56.0	シュタルケ	7	15.3	1:23.1	ハナ	5-5	36.1	美	堀宣行	532(－2)	外
2017	2017-10-28	京都	雨	重	18	11	7	14	ベステンダンク	牡5	56.0	池添謙一	17	295.3	1:23.1	クビ	5-5	36.1	栗	安達昭夫	506(＋6)	
2017	2017-10-28	京都	雨	重	18	12	3	6	ジューヌエコール	牝3	52.0	北村友一	6	14.3	1:23.2	1/2	9-9	35.8	栗	安田隆行	492(＋10)	
2017	2017-10-28	京都	雨	重	18	13	4	8	ラヴァーズポイント	牝7	54.0	川須栄彦	18	337.6	1:23.3	1/2	9-9	35.9	栗	高橋康之	524(＋2)	
2017	2017-10-28	京都	雨	重	18	14	6	11	セイウンコウセイ	牡4	58.0	幸英明	3	5.9	1:23.4	クビ	7-8	36.2	美	上原博之	494(－4)	
2017	2017-10-28	京都	雨	重	18	15	8	17	ミスエルテ	牝3	52.0	川田将雅	8	16.9	1:23.4	クビ	17-17	35.7	栗	池江泰寿	470(＋24)	
2017	2017-10-28	京都	雨	重	18	16	8	18	カラクレナイ	牝3	52.0	Mデムーロ	4	7.8	1:23.4	アタマ	9-9	36.1	栗	松下武士	496(0)	
2017	2017-10-28	京都	雨	重	18	17	6	12	フミノムーン	牡5	56.0	和田竜二	11	38.2	1:23.6	1	12-14	36.1	栗	西浦勝一	454(＋8)	
2017	2017-10-28	京都	雨	重	18	18	3	5	ティーハーフ	牡7	56.0	国分優作	14	102.5	1:23.6	クビ	18-18	35.5	栗	西浦勝一	470(＋4)	
2016	2016-10-29	京都	曇	良	18	1	6	11	サトノアラジン	牡5	57.0	川田将雅	2	4.0	1:20.7		13-13	33.6	栗	池江泰寿	532(＋6)	
2016	2016-10-29	京都	曇	良	18	2	1	2	サトノルパン	牡5	56.0	和田竜二	8	24.5	1:20.9	1 1/4	9-8	34.1	栗	村山明	450(＋2)	
2016	2016-10-29	京都	曇	良	18	3	7	13	エイシンスパルタン	牡5	56.0	岩田康誠	6	13.3	1:20.9	ハナ	1-1	34.7	栗	藤岡健一	498(＋2)	外
2016	2016-10-29	京都	曇	良	18	4	5	9	ダンスディレクター	牡6	56.0	浜中俊	4	7.1	1:21.0	3/4	8-8	34.2	栗	笹田和秀	442(－2)	
2016	2016-10-29	京都	曇	良	18	5	3	6	ムーンクレスト	牡4	56.0	松田大作	13	55.1	1:21.1	クビ	9-11	34.2	栗	本田優	468(0)	
2016	2016-10-29	京都	曇	良	18	6	7	14	アルビアーノ	牝4	55.0	シュタルケ	3	5.5	1:21.2	1/2	5-3	34.5	美	木村哲也	518(＋2)	外
2016	2016-10-29	京都	曇	良	18	7	7	15	ペイシャフェリス	牝5	54.0	秋山真一	16	229.8	1:21.2	クビ	2-2	34.9	美	高市圭二	458(－2)	
2016	2016-10-29	京都	曇	良	18	8	8	18	ティーハーフ	牡6	56.0	国分優作	12	53.6	1:21.3	1/2	18-18	33.7	栗	西浦勝一	470(＋12)	
2016	2016-10-29	京都	曇	良	18	9	4	8	フィエロ	牡7	56.0	戸崎圭太	1	3.5	1:21.3	クビ	13-13	34.2	栗	藤原英昭	506(＋6)	
2016	2016-10-29	京都	曇	良	18	10	1	1	エイシンブルズアイ	牡5	56.0	福永祐一	5	12.2	1:21.4	1/2	16-13	34.2	栗	野中賢二	474(0)	外
2016	2016-10-29	京都	曇	良	18	11	2	3	ミッキーラブソング	牡5	56.0	小牧太	9	32.9	1:21.5	クビ	12-8	34.5	栗	橋口慎介	472(＋6)	
2016	2016-10-29	京都	曇	良	18	12	8	17	ラインハート	牝5	54.0	松若風馬	17	329.5	1:21.5	ハナ	13-13	34.3	栗	須貝尚介	472(0)	地
2016	2016-10-29	京都	曇	良	18	13	6	12	サンライズメジャー	牡7	56.0	松山弘平	10	32.9	1:21.7	1 1/2	16-17	34.4	栗	浜田多実	486(＋6)	
2016	2016-10-29	京都	曇	良	18	14	8	16	テイエムタイホー	牡7	56.0	幸英明	15	211.6	1:21.9	3/4	5-3	35.2	栗	鈴木孝志	490(＋4)	
2016	2016-10-29	京都	曇	良	18	15	5	10	ブラヴィッシモ	牡4	56.0	藤岡康太	11	40.0	1:22.0	3/4	4-3	35.5	栗	須貝尚介	500(＋4)	
2016	2016-10-29	京都	曇	良	18	16	2	4	メイショウナルト	セ8	56.0	武幸四郎	14	148.6	1:22.2	1 1/4	9-11	35.3	栗	本田優	460(0)	
2016	2016-10-29	京都	曇	良	18	17	4	7	バクシンテイオー	牡7	56.0	ムーア	7	16.9	1:22.6	2 1/2	5-3	36.0	美	堀宣行	468(－6)	
2016	2016-10-29	京都	曇	良	18	18	3	5	ランドクイーン	牝6	54.0	下原理	18	474.0	1:23.7	7	3-3	37.3	招	盛本信春	484(－2)	地
