year	bet	combo	payout
2025	単勝	7	750
2025	複勝	7	230
2025	複勝	4	1010
2025	複勝	1	230
2025	枠連	2-4	2490
2025	馬連	4-7	14780
2025	ワイド	4-7	3660
2025	ワイド	1-7	870
2025	ワイド	1-4	5320
2025	馬単	7-4	22150
2025	3連複	1-4-7	30920
2025	3連単	7-4-1	168690
2024	単勝	17	1090
2024	複勝	17	400
2024	複勝	6	390
2024	複勝	5	990
2024	枠連	3-8	5680
2024	馬連	6-17	8530
2024	ワイド	6-17	2780
2024	ワイド	5-17	9770
2024	ワイド	5-6	8380
2024	馬単	17-6	15560
2024	3連複	5-6-17	195370
2024	3連単	17-6-5	836070
2023	単勝	3	2160
2023	複勝	3	520
2023	複勝	15	330
2023	複勝	18	910
2023	枠連	2-7	2190
2023	馬連	3-15	9410
2023	ワイド	3-15	2600
2023	ワイド	3-18	7380
2023	ワイド	15-18	3920
2023	馬単	3-15	23030
2023	3連複	3-15-18	82160
2023	3連単	3-15-18	514740
2022	単勝	4	660
2022	複勝	4	260
2022	複勝	3	840
2022	複勝	11	870
2022	枠連	2-2	10730
2022	馬連	3-4	10650
2022	ワイド	3-4	2920
2022	ワイド	4-11	3480
2022	ワイド	3-11	7470
2022	馬単	4-3	18520
2022	3連複	3-4-11	71930
2022	3連単	4-3-11	403230
2021	単勝	9	370
2021	複勝	9	170
2021	複勝	2	280
2021	複勝	6	250
2021	枠連	1-5	1180
2021	馬連	2-9	2520
2021	ワイド	2-9	870
2021	ワイド	6-9	800
2021	ワイド	2-6	1230
2021	馬単	9-2	4030
2021	3連複	2-6-9	6180
2021	3連単	9-2-6	30750
2020	単勝	4	14370
2020	複勝	4	1840
2020	複勝	16	200
2020	複勝	2	190
2020	枠連	2-8	15390
2020	馬連	4-16	34820
2020	ワイド	4-16	8120
2020	ワイド	2-4	6010
2020	ワイド	2-16	490
2020	馬単	4-16	109710
2020	3連複	2-4-16	43000
2020	3連単	4-16-2	662610
2019	単勝	17	290
2019	複勝	17	140
2019	複勝	10	170
2019	複勝	8	300
2019	枠連	5-8	560
2019	馬連	10-17	690
2019	ワイド	10-17	360
2019	ワイド	8-17	780
2019	ワイド	8-10	830
2019	馬単	17-10	1180
2019	3連複	8-10-17	2460
2019	3連単	17-10-8	8560
2018	単勝	8	560
2018	複勝	8	130
2018	複勝	10	110
2018	複勝	5	300
2018	枠連	7-8	280
2018	馬連	8-10	320
2018	ワイド	8-10	180
2018	ワイド	5-8	1210
2018	ワイド	5-10	480
2018	馬単	8-10	1090
2018	3連複	5-8-10	1760
2018	3連単	8-10-5	9820
2017	単勝	3	520
2017	複勝	3	190
2017	複勝	4	650
2017	複勝	2	150
2017	枠連	2-2	11640
2017	馬連	3-4	13230
2017	ワイド	3-4	3550
2017	ワイド	2-3	410
2017	ワイド	2-4	1630
2017	馬単	3-4	19320
2017	3連複	2-3-4	8650
2017	3連単	3-4-2	66850
2016	単勝	11	400
2016	複勝	11	190
2016	複勝	2	600
2016	複勝	13	480
2016	枠連	1-6	1700
2016	馬連	2-11	6380
2016	ワイド	2-11	1620
2016	ワイド	11-13	1200
2016	ワイド	2-13	4800
2016	馬単	11-2	9480
2016	3連複	2-11-13	21930
2016	3連単	11-2-13	110840
