year	date	race	weather	going	heads	rank	waku	umaban	name	sexage	kinryo	jockey	ninki	odds	time	margin	pass_	agari	aff	trainer	weight	foreign
2025	2025-10-12	アイルランドT	曇	良	16	1	8	15	ラヴァンダ	牝4	55.0	岩田望来	4	7.0	1:45.7		7-8-10	32.4	栗	中村直也	488(－4)	0
2025	2025-10-12	アイルランドT	曇	良	16	2	1	2	アンゴラブラック	牝4	55.0	戸崎圭太	6	13.2	1:45.8	1/2	4-4-3	33.0	美	尾関知人	470(＋10)	0
2025	2025-10-12	アイルランドT	曇	良	16	3	4	7	カナテープ	牝6	55.0	佐々木大	5	7.2	1:45.8	クビ	4-4-5	32.9	美	堀宣行	468(－14)	0
2025	2025-10-12	アイルランドT	曇	良	16	4	5	10	ライラック	牝6	55.0	石川裕紀	8	19.1	1:45.8	ハナ	11-13-13	32.3	美	相沢郁	458(＋4)	0
2025	2025-10-12	アイルランドT	曇	良	16	5	3	6	セフィロ	牝5	55.0	横山和生	12	58.2	1:46.1	1 3/4	15-15-15	32.2	美	菊沢隆徳	474(＋10)	0
2025	2025-10-12	アイルランドT	曇	良	16	6	7	14	ホウオウラスカーズ	牝7	55.0	木幡巧也	11	49.7	1:46.2	3/4	13-12-10	32.9	美	高木登	458(＋2)	0
2025	2025-10-12	アイルランドT	曇	良	16	7	1	1	アドマイヤマツリ	牝4	55.0	武豊	2	4.4	1:46.2	ハナ	1-1-1	33.7	美	宮田敬介	470(＋16)	0
2025	2025-10-12	アイルランドT	曇	良	16	8	3	5	リラボニート	牝4	55.0	横山武史	9	29.3	1:46.3	クビ	7-8-6	33.2	栗	須貝尚介	466(－2)	0
2025	2025-10-12	アイルランドT	曇	良	16	9	4	8	ボンドガール	牝4	55.0	ルメール	1	3.9	1:46.5	1 1/4	7-11-10	33.2	美	手塚貴久	458(＋2)	0
2025	2025-10-12	アイルランドT	曇	良	16	10	6	11	セキトバイースト	牝4	55.0	浜中俊	3	5.9	1:46.6	3/4	3-3-3	33.8	栗	四位洋文	478(＋20)	0
2025	2025-10-12	アイルランドT	曇	良	16	11	2	4	フィールシンパシー	牝6	55.0	横山琉人	15	115.7	1:46.6	アタマ	11-8-6	33.5	美	小島茂之	464(＋8)	0
2025	2025-10-12	アイルランドT	曇	良	16	12	7	13	サフィラ	牝4	56.0	松山弘平	7	13.8	1:46.8	1	4-4-6	33.8	栗	池添学	464(＋10)	0
2025	2025-10-12	アイルランドT	曇	良	16	13	6	12	ドゥアイズ	牝5	55.0	三浦皇成	10	44.6	1:46.8	クビ	7-7-6	33.7	栗	庄野靖志	476(－8)	0
2025	2025-10-12	アイルランドT	曇	良	16	14	8	16	アンリーロード	牝5	55.0	荻野極	14	113.2	1:47.3	3	16-16-16	33.2	栗	茶木太樹	482(0)	0
2025	2025-10-12	アイルランドT	曇	良	16	15	5	9	ピースオブザライフ	牝5	55.0	菊沢一樹	16	207.1	1:47.7	2 1/2	2-2-2	35.0	栗	野中賢二	492(＋4)	0
2025	2025-10-12	アイルランドT	曇	良	16	16	2	3	キャットファイト	牝4	55.0	大野拓弥	13	74.9	1:48.5	5	14-14-14	34.8	美	上原博之	480(＋22)	0
2024	2024-10-14	府中牝馬S	晴	良	15	1	3	5	ブレイディヴェーグ	牝4	57.0	ルメール	2	3.6	1:44.7		10-10-10	32.8	美	宮田敬介	472(＋12)	0
2024	2024-10-14	府中牝馬S	晴	良	15	2	6	10	シンティレーション	牝5	55.0	戸崎圭太	10	37.2	1:44.9	1 1/4	12-11-12	32.8	美	池上昌和	480(0)	0
2024	2024-10-14	府中牝馬S	晴	良	15	3	4	6	マスクトディーヴァ	牝4	56.0	川田将雅	1	2.3	1:45.0	1/2	9-8-9	33.3	栗	辻野泰之	460(＋6)	0
2024	2024-10-14	府中牝馬S	晴	良	15	4	4	7	フィアスプライド	牝6	55.0	Mデムーロ	4	9.4	1:45.1	3/4	7-5-5	33.6	美	国枝栄	474(0)	0
2024	2024-10-14	府中牝馬S	晴	良	15	5	8	15	ルージュリナージュ	牝5	55.0	横山和生	11	42.7	1:45.2	3/4	14-13-14	32.9	美	宗像義忠	448(＋2)	0
2024	2024-10-14	府中牝馬S	晴	良	15	6	5	9	フィールシンパシー	牝5	55.0	横山琉人	13	106.9	1:45.3	1/2	6-7-6	33.7	美	小島茂之	456(0)	0
2024	2024-10-14	府中牝馬S	晴	良	15	7	2	2	アスコルティアーモ	牝4	55.0	津村明秀	8	27.3	1:45.4	1/2	10-11-10	33.5	美	林徹	452(－10)	0
2024	2024-10-14	府中牝馬S	晴	良	15	8	3	4	モリアーナ	牝4	55.0	岩田康誠	3	8.6	1:45.5	クビ	13-13-13	33.3	美	武藤善則	482(－6)	0
2024	2024-10-14	府中牝馬S	晴	良	15	9	7	12	コンクシェル	牝4	55.0	岩田望来	7	19.6	1:45.5	アタマ	1-1-1	34.9	栗	清水久詞	482(＋6)	0
2024	2024-10-14	府中牝馬S	晴	良	15	10	2	3	ラリュエル	牝5	55.0	北村友一	15	164.5	1:45.5	アタマ	3-3-3	34.2	栗	矢作芳人	432(－2)	0
2024	2024-10-14	府中牝馬S	晴	良	15	11	5	8	コスタボニータ	牝5	55.0	松山弘平	6	19.2	1:45.5	クビ	4-3-3	34.3	栗	杉山佳明	478(＋2)	0
2024	2024-10-14	府中牝馬S	晴	良	15	12	6	11	セントカメリア	牝5	55.0	鮫島克駿	12	71.0	1:45.7	1 1/4	15-15-15	33.2	栗	高野友和	466(＋12)	0
2024	2024-10-14	府中牝馬S	晴	良	15	13	8	14	ライラック	牝5	55.0	横山武史	9	33.8	1:45.7	クビ	7-8-6	34.1	美	相沢郁	458(＋18)	0
2024	2024-10-14	府中牝馬S	晴	良	15	14	7	13	モズゴールドバレル	牝5	55.0	シュタルケ	14	107.7	1:46.0	1 1/2	2-2-2	34.9	栗	藤岡健一	464(－6)	1
2024	2024-10-14	府中牝馬S	晴	良	15	15	1	1	ハーパー	牝4	55.0	武豊	5	12.7	1:46.8	5	4-5-6	35.2	栗	友道康夫	488(＋20)	0
2023	2023-10-14	府中牝馬S	曇	良	13	1	5	7	ディヴィーナ	牝5	55.0	Mデムーロ	1	4.7	1:46.1		1-1-1	33.9	栗	友道康夫	428(＋2)	0
2023	2023-10-14	府中牝馬S	曇	良	13	2	4	5	ルージュエヴァイユ	牝4	55.0	横山武史	4	6.6	1:46.1	ハナ	12-8-8	32.7	美	黒岩陽一	470(＋4)	0
2023	2023-10-14	府中牝馬S	曇	良	13	3	6	8	ライラック	牝4	55.0	戸崎圭太	10	25.9	1:46.2	クビ	4-6-5	33.0	美	相沢郁	448(＋18)	0
2023	2023-10-14	府中牝馬S	曇	良	13	4	8	13	フィアスプライド	牝5	55.0	北村宏司	11	40.5	1:46.2	クビ	11-12-11	32.6	美	国枝栄	486(0)	0
2023	2023-10-14	府中牝馬S	曇	良	13	5	5	6	プレサージュリフト	牝4	55.0	ルメール	2	4.7	1:46.4	1	9-11-8	33.0	美	木村哲也	484(0)	0
2023	2023-10-14	府中牝馬S	曇	良	13	6	6	9	アンドヴァラナウト	牝5	55.0	鮫島克駿	7	18.7	1:46.4	ハナ	4-4-4	33.3	栗	池添学	452(＋6)	0
2023	2023-10-14	府中牝馬S	曇	良	13	7	3	3	ルージュスティリア	牝4	55.0	川田将雅	5	7.5	1:46.4	クビ	3-3-2	33.5	栗	藤原英昭	490(＋4)	0
2023	2023-10-14	府中牝馬S	曇	良	13	8	1	1	コスタボニータ	牝4	55.0	松山弘平	8	19.3	1:46.6	1 1/4	2-2-2	33.6	栗	杉山佳明	464(＋2)	0
2023	2023-10-14	府中牝馬S	曇	良	13	9	8	12	イズジョーノキセキ	牝6	56.0	岩田康誠	9	24.4	1:46.7	クビ	9-8-8	33.3	栗	中村直也	464(－10)	0
2023	2023-10-14	府中牝馬S	曇	良	13	10	7	11	シンリョクカ	牝3	53.0	吉田豊	3	5.0	1:46.9	1 1/4	7-6-5	33.7	美	竹内正洋	462(＋20)	0
2023	2023-10-14	府中牝馬S	曇	良	13	11	2	2	エリカヴィータ	牝4	55.0	三浦皇成	12	94.2	1:47.0	3/4	4-4-5	33.8	美	国枝栄	464(＋8)	0
2023	2023-10-14	府中牝馬S	曇	良	13	12	7	10	ファユエン	牝5	55.0	横山和生	13	137.5	1:47.2	1 1/2	13-13-12	33.3	美	勢司和浩	474(＋12)	0
2023	2023-10-14	府中牝馬S	曇	良	13	中止	4	4	ストーリア	牝4	55.0	菅原明良	6	8.0			7-8-13		栗	杉山晴紀	494(－2)	0
2022	2022-10-15	府中牝馬S	晴	良	15	1	4	6	イズジョーノキセキ	牝5	54.0	岩田康誠	12	34.8	1:44.5		9-11-12	33.3	栗	石坂公一	466(＋6)	0
2022	2022-10-15	府中牝馬S	晴	良	15	2	2	2	ソダシ	牝4	56.0	吉田隼人	1	1.9	1:44.5	アタマ	3-5-5	33.8	栗	須貝尚介	478(0)	0
2022	2022-10-15	府中牝馬S	晴	良	15	3	1	1	アンドヴァラナウト	牝4	54.0	福永祐一	3	8.3	1:44.7	3/4	6-9-9	33.8	栗	池添学	448(＋14)	0
2022	2022-10-15	府中牝馬S	晴	良	15	4	6	10	サトノセシル	牝6	54.0	ルメール	2	7.7	1:44.7	アタマ	6-5-5	34.0	美	堀宣行	462(＋4)	1
2022	2022-10-15	府中牝馬S	晴	良	15	5	5	9	アブレイズ	牝5	54.0	大野拓弥	4	13.7	1:44.7	クビ	3-3-3	34.3	栗	池江泰寿	498(＋8)	0
2022	2022-10-15	府中牝馬S	晴	良	15	6	5	8	ライティア	牝5	54.0	坂井瑠星	11	33.5	1:44.8	1/2	1-2-2	34.7	栗	池添学	432(－4)	0
2022	2022-10-15	府中牝馬S	晴	良	15	7	8	14	シャドウディーヴァ	牝6	55.0	北村友一	5	15.4	1:44.9	3/4	15-15-14	33.5	美	斎藤誠	486(0)	0
2022	2022-10-15	府中牝馬S	晴	良	15	8	3	5	クリノプレミアム	牝5	54.0	松岡正海	10	22.7	1:45.1	1 1/4	5-5-7	34.3	美	伊藤伸一	496(＋12)	0
2022	2022-10-15	府中牝馬S	晴	良	15	9	4	7	ラヴユーライヴ	牝5	54.0	戸崎圭太	6	18.8	1:45.2	クビ	11-9-9	34.3	栗	矢作芳人	440(－4)	0
2022	2022-10-15	府中牝馬S	晴	良	15	10	8	15	アカイイト	牝5	56.0	幸英明	8	19.0	1:45.5	1 1/2	14-13-12	34.4	栗	中竹和也	528(＋16)	0
2022	2022-10-15	府中牝馬S	晴	良	15	11	7	12	クールキャット	牝4	54.0	団野大成	13	39.7	1:45.5	ハナ	11-11-11	34.5	美	奥村武	526(－6)	0
2022	2022-10-15	府中牝馬S	晴	良	15	12	3	4	ホウオウピースフル	牝5	54.0	丸田恭介	14	80.1	1:45.6	1/2	11-13-14	34.2	美	大竹正博	504(＋4)	0
2022	2022-10-15	府中牝馬S	晴	良	15	13	6	11	リアアメリア	牝5	54.0	藤岡佑介	7	18.8	1:45.7	1/2	6-3-4	35.1	栗	中内田充	500(＋2)	0
2022	2022-10-15	府中牝馬S	晴	良	15	14	7	13	ゴルトベルク	牝5	54.0	石川裕紀	15	113.9	1:46.3	4	9-8-7	35.5	美	手塚貴久	422(－4)	0
2022	2022-10-15	府中牝馬S	晴	良	15	15	2	3	ローザノワール	牝6	54.0	田中勝春	9	19.6	1:46.6	1 1/2	2-1-1	36.8	栗	西園正都	476(＋2)	0
2021	2021-10-16	府中牝馬S	曇	良	18	1	4	7	シャドウディーヴァ	牝5	54.0	福永祐一	4	8.8	1:45.6		14-13-14	33.1	美	斎藤誠	482(＋2)	0
2021	2021-10-16	府中牝馬S	曇	良	18	2	2	4	アンドラステ	牝5	54.0	岩田望来	5	12.2	1:45.6	クビ	2-2-2	34.3	栗	中内田充	474(－4)	0
2021	2021-10-16	府中牝馬S	曇	良	18	3	7	14	マルターズディオサ	牝4	54.0	田辺裕信	8	15.3	1:45.8	1 1/4	10-13-11	33.5	美	手塚貴久	450(＋2)	0
2021	2021-10-16	府中牝馬S	曇	良	18	4	7	15	ドナアトラエンテ	牝5	54.0	ルメール	3	6.6	1:45.9	クビ	8-10-11	33.6	美	国枝栄	450(－12)	0
2021	2021-10-16	府中牝馬S	曇	良	18	5	4	8	サトノダムゼル	牝5	54.0	石橋脩	13	49.9	1:45.9	アタマ	3-5-5	34.0	美	堀宣行	464(＋2)	0
2021	2021-10-16	府中牝馬S	曇	良	18	6	1	2	スマートリアン	牝4	54.0	三浦皇成	7	15.2	1:46.1	1	4-3-3	34.5	栗	石橋守	494(＋16)	0
2021	2021-10-16	府中牝馬S	曇	良	18	7	8	16	アカイイト	牝4	54.0	横山典弘	12	31.1	1:46.1	クビ	16-16-16	33.4	栗	中竹和也	514(＋4)	0
2021	2021-10-16	府中牝馬S	曇	良	18	8	6	12	サンクテュエール	牝4	54.0	杉原誠人	15	113.0	1:46.1	ハナ	4-7-9	33.9	美	藤沢和雄	472(＋4)	0
2021	2021-10-16	府中牝馬S	曇	良	18	9	5	9	レッドベルディエス	牝5	54.0	横山和生	17	128.9	1:46.2	クビ	17-17-17	33.2	美	鹿戸雄一	476(＋4)	0
2021	2021-10-16	府中牝馬S	曇	良	18	10	3	5	シゲルピンクダイヤ	牝5	54.0	和田竜二	9	19.2	1:46.2	アタマ	4-5-5	34.4	栗	渡辺薫彦	470(－2)	0
2021	2021-10-16	府中牝馬S	曇	良	18	11	2	3	ローザノワール	牝5	54.0	国分恭介	16	128.3	1:46.4	1	1-1-1	35.2	栗	西園正都	470(＋2)	0
2021	2021-10-16	府中牝馬S	曇	良	18	12	5	10	ミスニューヨーク	牝4	54.0	Mデムーロ	6	15.1	1:46.4	クビ	10-7-9	34.2	栗	杉山晴紀	462(0)	0
2021	2021-10-16	府中牝馬S	曇	良	18	13	6	11	アブレイズ	牝4	54.0	横山武史	11	30.0	1:46.4	クビ	8-7-7	34.3	栗	池江泰寿	502(＋8)	0
2021	2021-10-16	府中牝馬S	曇	良	18	14	8	18	セラピア	牝5	54.0	内田博幸	14	108.9	1:46.5	クビ	10-12-7	34.4	栗	藤岡健一	492(－6)	0
2021	2021-10-16	府中牝馬S	曇	良	18	15	7	13	マジックキャッスル	牝4	54.0	戸崎圭太	1	3.7	1:46.8	1 3/4	10-10-11	34.5	美	国枝栄	444(＋10)	0
2021	2021-10-16	府中牝馬S	曇	良	18	16	8	17	デゼル	牝4	55.0	川田将雅	2	4.4	1:46.9	1/2	4-3-4	35.2	栗	友道康夫	482(＋4)	0
2021	2021-10-16	府中牝馬S	曇	良	18	17	3	6	リアアメリア	牝4	54.0	丸山元気	10	25.1	1:46.9	クビ	18-18-17	34.0	栗	中内田充	492(－4)	0
2021	2021-10-16	府中牝馬S	曇	良	18	18	1	1	フィリアプーラ	牝5	54.0	武藤雅	18	221.1	1:47.0	クビ	15-13-14	34.5	美	菊沢隆徳	464(＋4)	0
2020	2020-10-17	府中牝馬S	雨	重	8	1	4	4	サラキア	牝5	54.0	北村友一	7	20.2	1:48.5		4-5-3	35.7	栗	池添学	454(－2)	0
2020	2020-10-17	府中牝馬S	雨	重	8	2	6	6	シャドウディーヴァ	牝4	54.0	内田博幸	6	18.1	1:49.0	3	7-5-6	36.0	美	斎藤誠	482(＋8)	0
2020	2020-10-17	府中牝馬S	雨	重	8	3	8	8	サムシングジャスト	牝4	54.0	松山弘平	8	20.9	1:49.2	1 1/4	8-8-8	35.9	栗	松田国英	514(＋6)	0
2020	2020-10-17	府中牝馬S	雨	重	8	4	7	7	トロワゼトワル	牝5	54.0	横山典弘	4	7.0	1:49.2	クビ	1-1-1	36.9	栗	安田隆行	462(－2)	0
2020	2020-10-17	府中牝馬S	雨	重	8	5	5	5	ラヴズオンリーユー	牝4	55.0	Mデムーロ	1	2.3	1:49.3	1/2	4-3-3	36.5	栗	矢作芳人	486(＋12)	0
2020	2020-10-17	府中牝馬S	雨	重	8	6	2	2	ダノンファンタジー	牝4	54.0	川田将雅	2	4.0	1:49.6	1 3/4	2-2-2	37.2	栗	中内田充	470(＋4)	0
2020	2020-10-17	府中牝馬S	雨	重	8	7	1	1	シゲルピンクダイヤ	牝4	54.0	幸英明	5	15.4	1:49.9	1 3/4	4-5-6	36.9	栗	渡辺薫彦	474(0)	0
2020	2020-10-17	府中牝馬S	雨	重	8	8	3	3	フェアリーポルカ	牝4	54.0	和田竜二	3	4.7	1:49.9	クビ	3-3-3	37.1	栗	西村真幸	498(－12)	0
2019	2019-10-14	府中牝馬S	小雨	稍重	16	1	4	8	スカーレットカラー	牝4	54.0	岩田康誠	4	6.8	1:44.5		14-14-14	33.2	栗	高橋亮	472(＋8)	0
2019	2019-10-14	府中牝馬S	小雨	稍重	16	2	3	6	フロンテアクイーン	牝6	54.0	津村明秀	9	23.6	1:44.7	1 1/4	6-8-6	34.0	美	国枝栄	476(－6)	0
2019	2019-10-14	府中牝馬S	小雨	稍重	16	3	8	15	ラッキーライラック	牝4	54.0	石橋脩	2	3.9	1:44.8	1/2	6-4-3	34.3	栗	松永幹夫	522(＋16)	0
2019	2019-10-14	府中牝馬S	小雨	稍重	16	4	2	4	オールフォーラヴ	牝4	54.0	川田将雅	7	20.8	1:44.9	1/2	3-4-5	34.3	栗	中内田充	464(0)	0
2019	2019-10-14	府中牝馬S	小雨	稍重	16	5	7	13	クロコスミア	牝6	54.0	戸崎圭太	3	5.6	1:45.1	1 1/4	3-2-2	34.7	栗	西浦勝一	442(－2)	0
2019	2019-10-14	府中牝馬S	小雨	稍重	16	6	1	2	ディメンシオン	牝5	54.0	北村宏司	5	13.0	1:45.2	3/4	3-6-6	34.5	栗	藤原英昭	454(0)	0
2019	2019-10-14	府中牝馬S	小雨	稍重	16	7	6	12	レッドランディーニ	牝4	54.0	池添謙一	12	34.3	1:45.4	1 1/4	10-9-9	34.5	栗	石坂正	448(＋4)	0
2019	2019-10-14	府中牝馬S	小雨	稍重	16	8	4	7	サトノガーネット	牝4	54.0	坂井瑠星	13	46.9	1:45.4	ハナ	15-15-15	33.7	栗	矢作芳人	440(＋10)	0
2019	2019-10-14	府中牝馬S	小雨	稍重	16	9	3	5	ダノングレース	牝4	54.0	三浦皇成	10	25.6	1:45.4	アタマ	10-10-9	34.5	美	国枝栄	428(＋4)	0
2019	2019-10-14	府中牝馬S	小雨	稍重	16	10	2	3	カンタービレ	牝4	54.0	松岡正海	6	19.3	1:45.5	1/2	8-10-9	34.6	栗	角居勝彦	438(＋4)	0
2019	2019-10-14	府中牝馬S	小雨	稍重	16	11	6	11	ペルソナリテ	牝6	54.0	丹内祐次	15	183.7	1:45.5	ハナ	13-13-12	34.4	美	相沢郁	448(＋20)	0
2019	2019-10-14	府中牝馬S	小雨	稍重	16	12	1	1	ジョディー	牝3	52.0	武藤雅	8	22.7	1:45.7	1 1/4	2-2-3	35.2	美	戸田博文	488(---)	0
2019	2019-10-14	府中牝馬S	小雨	稍重	16	13	5	10	エイシンティンクル	牝6	54.0	勝浦正樹	11	29.7	1:45.8	1/2	1-1-1	35.6	栗	上村洋行	492(－12)	0
2019	2019-10-14	府中牝馬S	小雨	稍重	16	14	8	16	ランドネ	牝4	54.0	吉田隼人	14	87.1	1:46.0	1 1/4	8-6-6	35.3	栗	角居勝彦	510(＋2)	1
2019	2019-10-14	府中牝馬S	小雨	稍重	16	15	7	14	プリモシーン	牝4	54.0	福永祐一	1	3.6	1:46.0	ハナ	10-12-12	34.9	美	木村哲也	506(＋12)	0
2019	2019-10-14	府中牝馬S	小雨	稍重	16	取消	5	9	ソウルスターリング	牝5	55.0	木幡育也								美	藤沢和雄	0
2018	2018-10-13	府中牝馬S	曇	良	11	1	4	4	ディアドラ	牝4	56.0	ルメール	1	2.3	1:44.7		11-9-9	32.3	栗	橋田満	498(＋8)	0
2018	2018-10-13	府中牝馬S	曇	良	11	2	8	10	リスグラシュー	牝4	54.0	Mデムーロ	2	3.0	1:44.7	クビ	9-7-7	32.6	栗	矢作芳人	460(＋12)	0
2018	2018-10-13	府中牝馬S	曇	良	11	3	2	2	フロンテアクイーン	牝5	54.0	蛯名正義	7	21.5	1:44.8	1/2	5-5-6	32.9	美	国枝栄	474(＋14)	0
2018	2018-10-13	府中牝馬S	曇	良	11	4	6	6	ジュールポレール	牝5	56.0	幸英明	4	11.8	1:45.0	1 1/4	5-5-5	33.2	栗	西園正都	468(＋8)	0
2018	2018-10-13	府中牝馬S	曇	良	11	5	1	1	クロコスミア	牝5	55.0	岩田康誠	6	16.3	1:45.2	1 1/4	2-2-2	33.8	栗	西浦勝一	432(＋2)	0
2018	2018-10-13	府中牝馬S	曇	良	11	6	7	9	カワキタエンカ	牝4	54.0	池添謙一	8	23.8	1:45.2	クビ	1-1-1	35.3	栗	浜田多実	464(0)	0
2018	2018-10-13	府中牝馬S	曇	良	11	7	7	8	アドマイヤリード	牝5	55.0	田辺裕信	9	29.0	1:45.3	クビ	9-11-10	32.7	栗	須貝尚介	434(＋4)	0
2018	2018-10-13	府中牝馬S	曇	良	11	8	6	7	メイズオブオナー	牝4	54.0	福永祐一	10	113.1	1:45.7	2 1/2	7-7-8	33.5	栗	藤原英昭	452(－4)	0
2018	2018-10-13	府中牝馬S	曇	良	11	9	8	11	ミスパンテール	牝4	55.0	横山典弘	5	11.9	1:45.9	1 1/4	8-9-10	33.3	栗	昆貢	506(＋2)	0
2018	2018-10-13	府中牝馬S	曇	良	11	10	3	3	ソウルスターリング	牝4	55.0	北村宏司	3	7.7	1:45.9	ハナ	3-3-3	34.2	美	藤沢和雄	490(＋2)	0
2018	2018-10-13	府中牝馬S	曇	良	11	11	5	5	キョウワゼノビア	牝5	54.0	田中勝春	11	171.9	1:46.2	2	3-3-3	34.6	栗	角田晃一	478(－2)	0
2017	2017-10-14	府中牝馬S	曇	稍重	14	1	7	11	クロコスミア	牝4	54.0	岩田康誠	5	10.4	1:48.1		1-1-1	33.7	栗	西浦勝一	424(＋8)	0
2017	2017-10-14	府中牝馬S	曇	稍重	14	2	1	1	ヴィブロス	牝4	56.0	ルメール	1	3.2	1:48.1	クビ	6-6-6	33.2	栗	友道康夫	434(---)	0
2017	2017-10-14	府中牝馬S	曇	稍重	14	3	5	7	アドマイヤリード	牝4	56.0	戸崎圭太	2	3.6	1:48.3	1 1/4	10-12-13	32.9	栗	須貝尚介	428(＋4)	0
2017	2017-10-14	府中牝馬S	曇	稍重	14	4	3	4	クイーンズリング	牝5	56.0	Mデムーロ	3	6.1	1:48.4	3/4	13-12-8	33.3	栗	吉村圭司	470(＋4)	0
2017	2017-10-14	府中牝馬S	曇	稍重	14	5	4	5	トーセンビクトリー	牝5	54.0	福永祐一	7	14.5	1:48.4	クビ	3-3-3	33.7	栗	角居勝彦	478(＋10)	0
2017	2017-10-14	府中牝馬S	曇	稍重	14	6	6	9	キンショーユキヒメ	牝4	54.0	内田博幸	9	25.3	1:48.6	1	9-8-8	33.5	栗	中村均	510(－2)	0
2017	2017-10-14	府中牝馬S	曇	稍重	14	7	2	2	ハッピーユニバンス	牝5	54.0	津村明秀	13	160.9	1:48.6	アタマ	14-14-14	33.0	栗	平田修	470(＋4)	0
2017	2017-10-14	府中牝馬S	曇	稍重	14	8	3	3	デンコウアンジュ	牝4	54.0	蛯名正義	8	20.8	1:48.6	クビ	10-10-8	33.5	栗	荒川義之	452(＋10)	0
2017	2017-10-14	府中牝馬S	曇	稍重	14	9	4	6	ゲッカコウ	牝4	54.0	柴田大知	12	65.3	1:48.7	1/2	3-5-5	33.9	美	高橋義博	478(＋4)	0
2017	2017-10-14	府中牝馬S	曇	稍重	14	10	7	12	ワンブレスアウェイ	牝4	54.0	田辺裕信	4	8.6	1:48.7	クビ	8-8-8	33.6	美	古賀慎明	494(＋16)	0
2017	2017-10-14	府中牝馬S	曇	稍重	14	11	8	13	アスカビレン	牝5	54.0	松田大作	10	45.1	1:48.7	アタマ	2-2-2	34.1	栗	中尾秀正	470(＋6)	0
2017	2017-10-14	府中牝馬S	曇	稍重	14	12	6	10	クインズミラーグロ	牝5	54.0	武豊	6	13.0	1:48.8	クビ	5-6-6	33.9	美	和田正道	462(＋12)	0
2017	2017-10-14	府中牝馬S	曇	稍重	14	13	5	8	ロッカフラベイビー	牝5	54.0	三浦皇成	14	182.5	1:48.9	3/4	10-10-12	33.6	美	鹿戸雄一	464(－10)	0
2017	2017-10-14	府中牝馬S	曇	稍重	14	14	8	14	バンゴール	牝5	54.0	柴山雄一	11	55.5	1:49.5	3 1/2	6-3-3	34.8	美	尾関知人	428(－12)	0
2016	2016-10-15	府中牝馬S	晴	良	13	1	8	13	クイーンズリング	牝4	54.0	Mデムーロ	3	6.5	1:46.6		3-4-4	33.5	栗	吉村圭司	450(－4)	0
2016	2016-10-15	府中牝馬S	晴	良	13	2	1	1	マジックタイム	牝5	54.0	ルメール	2	3.8	1:46.8	1 1/2	4-3-3	33.8	美	中川公成	478(＋8)	0
2016	2016-10-15	府中牝馬S	晴	良	13	3	5	6	スマートレイアー	牝6	55.0	武豊	1	3.3	1:46.9	1/2	4-6-5	33.6	栗	大久保龍	468(＋2)	0
2016	2016-10-15	府中牝馬S	晴	良	13	4	6	9	アスカビレン	牝4	54.0	松田大作	7	15.2	1:47.0	1/2	7-9-7	33.5	栗	中尾秀正	466(－4)	0
2016	2016-10-15	府中牝馬S	晴	良	13	5	7	10	シュンドルボン	牝5	54.0	吉田豊	5	7.7	1:47.1	3/4	11-12-12	33.3	美	矢野英一	508(＋14)	0
2016	2016-10-15	府中牝馬S	晴	良	13	6	4	5	カフェブリリアント	牝6	54.0	福永祐一	6	11.8	1:47.1	ハナ	10-7-7	33.6	美	堀宣行	446(－6)	0
2016	2016-10-15	府中牝馬S	晴	良	13	7	2	2	シングウィズジョイ	牝4	54.0	田辺裕信	8	31.4	1:47.5	2 1/2	2-2-2	34.7	栗	友道康夫	474(＋4)	0
2016	2016-10-15	府中牝馬S	晴	良	13	8	3	3	リーサルウェポン	牝5	54.0	内田博幸	12	130.7	1:47.5	クビ	11-10-10	33.8	栗	荒川義之	434(0)	0
2016	2016-10-15	府中牝馬S	晴	良	13	9	7	11	メイショウスザンナ	牝7	54.0	蛯名正義	11	59.3	1:47.7	1 1/4	11-13-13	33.8	栗	高橋義忠	474(－10)	0
2016	2016-10-15	府中牝馬S	晴	良	13	10	8	12	シャルール	牝4	54.0	横山典弘	4	7.0	1:47.8	1/2	1-1-1	35.1	栗	松永幹夫	468(＋4)	0
2016	2016-10-15	府中牝馬S	晴	良	13	11	6	8	カレンケカリーナ	牝6	54.0	大野拓弥	13	149.0	1:47.8	クビ	9-10-10	34.1	栗	安田隆行	488(＋2)	0
2016	2016-10-15	府中牝馬S	晴	良	13	12	5	7	ハピネスダンサー	牝5	54.0	石橋脩	9	36.7	1:48.0	1 1/4	6-7-7	34.6	栗	高野友和	490(＋6)	0
2016	2016-10-15	府中牝馬S	晴	良	13	13	4	4	メイショウマンボ	牝6	55.0	武幸四郎	10	48.6	1:48.1	1/2	7-5-5	34.8	栗	飯田祐史	484(－12)	0
