name	sex	age	kinryo	jockey	aff	trainer	odds_pred	pop_pred	waku	umaban	odds_source
ウイントワイライト	牝	4	55.0	横山典	栗東	西園翔	17.3	7			netkeiba予想オッズ(特別登録時)
ヴォンフレ	牝	4	55.0		美浦	村田	43.5	12			netkeiba予想オッズ(特別登録時)
カネラフィーナ	牝	4	55.0	石川	美浦	手塚久	23.2	9			netkeiba予想オッズ(特別登録時)
カムニャック	牝	4	56.0	川田	栗東	友道	3.4	1			netkeiba予想オッズ(特別登録時)
クイーンズウォーク	牝	5	55.0	西村淳	栗東	中内田	5.6	3			netkeiba予想オッズ(特別登録時)
クランフォード	牝	5	55.0	菊沢	栗東	杉山晴	55.0	16			netkeiba予想オッズ(特別登録時)
ジョスラン	牝	4	55.0	ルメール	美浦	鹿戸	5.6	2			netkeiba予想オッズ(特別登録時)
セキトバイースト	牝	5	55.0	浜中	栗東	四位	10.1	4			netkeiba予想オッズ(特別登録時)
チェルビアット	牝	4	55.0	吉村	栗東	高野	21.1	8			netkeiba予想オッズ(特別登録時)
テリオスララ	牝	4	55.0		美浦	田島	48.2	14			netkeiba予想オッズ(特別登録時)
ニシノティアモ	牝	5	55.0	津村	美浦	上原佑	16.4	6			netkeiba予想オッズ(特別登録時)
ハワイアンティアレ	牝	5	55.0	Ｍデムー	栗東	松永幹	43.5	13			netkeiba予想オッズ(特別登録時)
ミアネーロ	牝	5	55.0		美浦	林	28.1	11			netkeiba予想オッズ(特別登録時)
ミラビリスマジック	牝	5	55.0		美浦	千葉	49.3	15			netkeiba予想オッズ(特別登録時)
ムイ	牝	4	55.0		栗東	笹田	285.7	18			netkeiba予想オッズ(特別登録時)
ラヴァンダ	牝	5	56.0	横山和	栗東	中村	11.0	5			netkeiba予想オッズ(特別登録時)
ルージュソリテール	牝	4	55.0	横山武	栗東	藤原	23.3	10			netkeiba予想オッズ(特別登録時)
ワタシマツワ	牝	4	55.0	小林美	美浦	竹内	129.4	17			netkeiba予想オッズ(特別登録時)
