horse	date	kaisai	weather	R	race	cls	heads	waku	umaban	odds	ninki	rank	jockey	kinryo	dist	baba	time	margin	pass_	pace	agari	weight	winner
ウイントワイライト	2026/06/21	3東京6	曇	11	府中牝馬S(GIII)	GIII	16	1	2	22.7	9	2	横山典弘	53	芝1800	稍	1:46.0	0.5	13-13-13	35.5-35.1	33.9	464(+10)	
ウイントワイライト	2026/05/02	2東京3	晴	11	京王杯スプリングC(GII)	GII	18	6	12	12.0	5	16	横山典弘	55	芝1400	良	1:19.8	0.9	18-18	34.1-33.4	32.1	454(+4)	ワールズエンド
ウイントワイライト	2026/03/22	1中京4	曇	11	愛知杯(GIII)	GIII	18	3	5	8.6	4	7	横山典弘	55	芝1400	良	1:19.9	0.3	15-15	33.9-34.2	33.1	450(0)	アイサンサン
ウイントワイライト	2026/02/01	1東京2	晴	10	節分S(3勝クラス)	3勝クラス	15	8	14	4.8	2	1	ルメール	55	芝1400	良	1:21.0	0.0	9-10	34.8-33.9	33.1	450(+4)	(タイセイカレント)
ウイントワイライト	2025/12/21	5阪神6	小雨	12	六甲アイランドS(3勝クラス)	3勝クラス	14	6	9	4.5	2	12	武豊	55	芝1400	重	1:22.4	0.8	14-14	35.5-34.5	33.9	446(0)	ディアナザール
ウイントワイライト	2025/10/25	4東京8	雨	9	精進湖特別(2勝クラス)	2勝クラス	12	5	6	6.3	3	1	武豊	54	芝1400	稍	1:21.4	0.0	12-12	35.2-34.3	32.5	446(0)	(タイセイカレント)
ウイントワイライト	2025/05/31	2京都11	曇	11	葵S(GIII)	GIII	16	1	2	5.6	1	13	シュタル	55	芝1200	良	1:08.9	0.6	15-16	33.5-34.8	33.4	446(-4)	アブキールベイ
ウイントワイライト	2025/05/03	2東京3	晴	5	3歳1勝クラス	1勝クラス	9	6	6	4.7	2	1	戸崎圭太	55	芝1400	良	1:21.2	-0.2	4-3	35.7-33.3	32.9	450(+6)	(レッドキングリー)
ウイントワイライト	2025/02/15	1東京5	晴	2	3歳新馬	新馬	16	6	11	2.5	1	1	川田将雅	55	ダ1400	良	1:26.7	-0.3	1-1	37.3-36.7	36.7	444(0)	
ヴォンフレ	2026/08/08	2新潟5	晴	7	関越S(OP)	OP	16	2	3	23.5	8	5	江田照男	50	芝1800	良	1:45.3	0.3	4-3	35.5-32.7	32.7	480(-6)	
ヴォンフレ	2026/07/18	2福島7	曇	11	阿武隈S(3勝クラス)	3勝クラス	16	6	12	17.1	7	6	横山典弘	53	芝1800	良	1:46.6	0.4	12-12-11-10	34.9-36.6	34.9	486(0)	ミラビリスマジック
ヴォンフレ	2026/05/16	2東京7	晴	9	調布特別(2勝クラス)	2勝クラス	9	7	7	85.6	8	1	横山和生	56	芝1800	良	1:46.0	-0.1	1-1-2	36.7-33.2	33.1	486(0)	
ヴォンフレ	2026/05/02	1新潟1	晴	10	胎内川特別(2勝クラス)	2勝クラス	15	1	1	46.1	12	7	舟山瑠泉	56	芝1800	稍	1:48.0	0.3	5-5	35.3-36.2	35.0	486(0)	マイネルフルムーン
ヴォンフレ	2026/03/22	2中山8	曇	12	4歳以上2勝クラス	2勝クラス	16	7	13	26.7	9	9	松岡正海	56	ダ1800	良	1:55.0	1.7	12-10-5-4	36.3-39.0	40.3	486(0)	エルフストラック
ヴォンフレ	2026/01/18	1中山7	晴	8	4歳以上2勝クラス	2勝クラス	16	4	8	24.0	8	3	松岡正海	55	ダ1800	良	1:54.6	1.0	11-11-7-6	36.8-38.9	39.2	486(0)	
ヴォンフレ	2025/12/07	5中京2	晴	9	犬山特別(2勝クラス)	2勝クラス	16	1	1	4.6	1	11	ルメール	55	ダ1800	良	1:54.5	2.0	5-4-4-4	36.4-38.5	40.1	486(-6)	
ヴォンフレ	2025/10/19	4東京7	曇	10	西湖特別(2勝クラス)	2勝クラス	13	8	13	7.0	2	9	横山典弘	54	ダ1600	良	1:38.5	1.0	9-8	35.5-36.3	36.4	492(+8)	
ヴォンフレ	2025/10/04	4東京1	曇	8	3歳以上1勝クラス	1勝クラス	16	6	12	14.8	6	1	横山典弘	54	ダ1600	良	1:38.1	0.0	7-6	36.2-36.8	36.2	484(+16)	
ヴォンフレ	2025/03/22	2中山7	晴	11	フラワーC(GIII)	GIII	16	8	15	177.3	13	8	江田照男	55	芝1800	良	1:49.2	1.4	5-5-4-4	35.5-35.4	36.5	468(0)	
ヴォンフレ	2025/02/09	1東京4	晴	3	3歳未勝利	未勝利	16	6	11	4.9	3	1	横山典弘	55	ダ1600	良	1:39.4	-0.9	3-3	36.1-37.6	37.4	468(0)	
ヴォンフレ	2025/01/11	1中山3	晴	2	3歳未勝利	未勝利	16	4	7	3.9	3	3	松岡正海	55	ダ1800	稍	1:57.3	2.4	4-5-2-3	37.7-38.2	40.4	468(+2)	リバースザトレンド
ヴォンフレ	2024/12/14	5中山5	晴	7	2歳未勝利	未勝利	16	7	13	81.7	11	3	松岡正海	55	芝1800	良	1:48.6	0.4	1-1-1-1	35.8-35.5	35.9	466(-4)	
ヴォンフレ	2024/11/10	3福島4	晴	2	2歳未勝利	未勝利	16	7	13	12.1	5	6	松岡正海	55	芝2000	良	2:03.9	0.5	8-8-5-4	35.7-37.4	37.4	470(0)	
ヴォンフレ	2024/10/06	4東京2	曇	2	2歳未勝利	未勝利	7	3	3	11.2	3	3	松岡正海	55	芝2000	良	2:01.1	0.9	3-3-3	36.5-34.9	34.7	470(+6)	
ヴォンフレ	2024/08/10	3新潟1	晴	5	2歳新馬	新馬	16	8	15	40.9	8	5	柴田善臣	55	芝1800	良	1:49.1	1.3	10-10	36.1-34.7	33.7	464(0)	ジーティーマン
カネラフィーナ	2026/08/16	2中京8	晴	7	中京記念(GIII)	GIII	16	4	7	24.8	9	8	石川裕紀	55	芝1600	良	1:31.6	0.5	4-7-8	34.8-34.2	33.8	496(+14)	ラヴァンダ
カネラフィーナ	2026/06/13	3東京3	晴	11	ジューンS(OP)	OP	13	3	3	5.1	3	1	ルメール	56	芝1800	良	1:46.0	-0.1	3-3-3	36.6-34.1	33.8	482(-2)	
カネラフィーナ	2026/04/19	1福島4	晴	11	福島牝馬S(GIII)	GIII	16	5	10	7.5	3	7	石川裕紀	55	芝1800	良	1:46.0	0.4	6-6-5-4	35.6-35.4	34.8	484(+6)	
カネラフィーナ	2026/01/04	1中山1	晴	11	日刊スポ賞中山金杯(GIII)	GIII	14	3	3	4.6	2	4	石川裕紀	54	芝2000	良	2:00.6	0.3	8-9-9-9	36.1-34.7	34.2	478(0)	
カネラフィーナ	2025/10/19	4新潟2	曇	11	新潟牝馬S(L)	L	14	4	5	2.1	1	1	石川裕紀	52	芝2200	良	2:12.7	-0.2	4-4-5-4	35.8-35.0	34.6	478(+10)	
カネラフィーナ	2025/06/28	1函館5	晴	10	洞爺湖特別(2勝クラス)	2勝クラス	16	4	7	2.3	1	1	横山武史	53	芝2000	良	1:59.4	-0.4	2-2-2-2	35.8-35.2	35.1	468(+8)	
カネラフィーナ	2025/03/30	3中山2	晴	9	ミモザ賞(1勝クラス)	1勝クラス	7	5	5	9.4	4	1	石川裕紀	55	芝2000	良	2:01.3	-0.3	2-2-2-2	36.6-35.6	35.5	460(-4)	
カネラフィーナ	2024/11/02	5東京1	小雨	4	2歳未勝利	未勝利	8	8	8	1.7	1	1	戸崎圭太	55	芝1800	稍	1:49.2	0.0	3-3-3	37.4-34.1	34.0	464(0)	
カネラフィーナ	2024/10/05	4東京1	小雨	1	2歳未勝利	未勝利	9	6	6	1.5	1	2	ルメール	55	芝1600	良	1:34.4	0.2	5-5	34.2-35.3	35.2	464(+6)	
カネラフィーナ	2024/08/03	2新潟3	晴	4	2歳新馬	新馬	11	2	2	2.2	1	2	ルメール	55	芝1600	良	1:36.3	0.4	5-5	36.9-33.3	33.1	458(0)	
カムニャック	2026/05/17	2東京8	晴	11	ヴィクトリアマイル(GI)	GI	18	4	8	5.3	2	2	川田将雅	56	芝1600	良	1:31.1	0.2	7-7	34.6-33.6	33.1	492(-6)	
カムニャック	2026/04/11	2阪神5	晴	11	サンスポ杯阪神牝馬S(GII)	GII	10	5	5	7.8	4	2	川田将雅	57	芝1600	良	1:31.6	0.0	4-3	34.9-33.5	33.2	498(+8)	
カムニャック	2025/10/19	3京都7	曇	11	秋華賞(GI)	GI	18	8	17	2.1	1	16	川田将雅	55	芝2000	良	2:00.2	1.9	3-4-3-3	35.6-35.3	36.9	490(+8)	
カムニャック	2025/09/14	4阪神4	晴	11	関西TVローズS(GII)	GII	17	6	11	2.9	1	1	川田将雅	55	芝1800	良	1:43.5	-0.2	6-7	34.0-35.0	34.4	482(+8)	(テレサ)
カムニャック	2025/05/25	2東京10	曇	11	優駿牝馬(GI)	GI	18	7	15	14.3	4	1	シュタル	55	芝2400	良	2:25.7	0.0	11-11-12-11	34.8-34.7	33.8	474(+4)	
カムニャック	2025/04/27	2東京2	晴	11	サンスポ賞フローラS(GII)	GII	18	5	10	14.7	7	1	シュタル	55	芝2000	良	1:58.6	-0.2	8-9-9	36.1-34.2	33.4	470(-12)	
カムニャック	2025/02/10	1京都3	晴	10	エルフィンS(L)	L	9	2	2	3.8	3	4	川田将雅	55	芝1600	良	1:36.1	0.8	6-7	35.3-34.8	35.1	482(+6)	
カムニャック	2024/10/26	4東京7	曇	11	アルテミスS(GIII)	GIII	11	8	10	3.1	1	6	川田将雅	55	芝1600	良	1:34.0	0.2	3-3	35.1-33.6	33.5	476(0)	
カムニャック	2024/08/11	2中京2	晴	5	2歳新馬	新馬	9	1	1	1.2	1	1	川田将雅	55	芝2000	良	2:04.2	-0.6	8-7-6-4	37.9-34.0	33.6	476(0)	
クイーンズウォーク	2026/05/17	2東京8	晴	11	ヴィクトリアマイル(GI)	GI	18	4	7	8.8	3	3	西村淳也	56	芝1600	良	1:31.4	0.5	8-10	34.6-33.6	33.1	544(+2)	
クイーンズウォーク	2026/03/15	1中京2	晴	11	東海テレビ杯金鯱賞(GII)	GII	14	7	12	3.6	1	3	川田将雅	56	芝2000	良	1:58.2	0.1	5-5-6-6	36.1-35.1	34.1	542(0)	
クイーンズウォーク	2025/11/02	4東京11	曇	11	天皇賞(秋)(GI)	GI	14	8	14	25.1	9	9	川田将雅	56	芝2000	良	1:59.0	0.4	7-6-6	37.1-32.9	32.8	542(+6)	
クイーンズウォーク	2025/08/31	3新潟4	晴	11	新潟記念(GIII)	GIII	16	3	6			除	川田将雅	57	芝2000	良				35.6-33.2		540(+4)	
クイーンズウォーク	2025/05/18	2東京8	曇	11	ヴィクトリアマイル(GI)	GI	17	8	16	8.5	4	2	川田将雅	56	芝1600	良	1:32.1	0.0	13-12	33.9-35.3	33.6	536(+2)	アスコリピチェーノ
クイーンズウォーク	2025/03/16	2中京2	小雨	11	東海テレビ杯金鯱賞(GII)	GII	10	6	6	8.2	4	1	川田将雅	55	芝2000	重	2:01.3	0.0	3-3-3-3	35.7-38.6	36.3	534(0)	
クイーンズウォーク	2025/01/25	1小倉1	晴	11	小倉牝馬S(GIII)	GIII	18	5	9	3.5	1	6	川田将雅	55.5	芝2000	良	1:58.7	0.3	6-6-4-2	33.9-36.3	36.2	534(+10)	
クイーンズウォーク	2024/10/13	5京都4	晴	11	秋華賞(GI)	GI	15	2	3	6.8	3	15	川田将雅	55	芝2000	良	1:59.6	2.5	14-14-9-7	34.5-36.7	36.5	524(+2)	チェルヴィニア
クイーンズウォーク	2024/09/15	3中京4	曇	11	関西TVローズS(GII)	GII	15	2	2	4.9	2	1	川田将雅	55	芝2000	稍	1:59.9	-0.2	7-6-6-6	36.1-35.6	33.5	522(0)	
クイーンズウォーク	2024/05/19	2東京10	曇	11	優駿牝馬(GI)	GI	18	1	2	11.5	5	4	川田将雅	55	芝2400	良	2:24.4	0.4	5-5-5-4	34.7-35.1	34.7	522(+8)	
クイーンズウォーク	2024/04/07	2阪神6	晴	11	桜花賞(GI)	GI	18	1	2	5.7	3	8	川田将雅	55	芝1600	良	1:32.8	0.6	8-8	34.5-34.1	34.1	514(-2)	
クイーンズウォーク	2024/02/10	1東京5	晴	11	デイリー杯クイーンC(GIII)	GIII	13	8	13	3.1	1	1	川田将雅	55	芝1600	良	1:33.1	-0.1	11-11	35.4-34.4	33.4	516(-4)	
クイーンズウォーク	2023/12/23	5阪神7	晴	4	2歳未勝利	未勝利	14	4	6	1.5	1	1	川田将雅	55	芝1800	良	1:48.3	-0.3	5-4	35.4-34.4	33.7	520(+2)	(フローラルセント)
クイーンズウォーク	2023/11/11	3京都3	晴	5	2歳新馬	新馬	11	8	11	1.7	1	2	川田将雅	55	芝1800	稍	1:50.5	0.1	4-2	36.9-33.9	33.6	518(0)	オスカーブレーヴ
クランフォード	2026/09/05	4中山1	晴	11	京成杯オータムH(GIII)	GIII	16	6	11	18.2	9	7	菊沢一樹	55	芝1600	良	1:32.6	0.6	2-2-2	34.3-34.5	34.8	472(+2)	
クランフォード	2026/07/26	2新潟2	雨	7	関屋記念(GIII)	GIII	14	6	10	11.3	8	2	菊沢一樹	54	芝1600	不	1:33.3	0.9	1-1	34.0-34.3	35.2	470(-2)	
クランフォード	2026/05/10	1新潟4	晴	11	谷川岳S(L)	L	14	7	11	2.7	1	11	ゴンサル	55	芝1400	良	1:21.9	0.8	4-5	34.1-35.3	35.6	472(+2)	
クランフォード	2026/04/11	2阪神5	晴	11	サンスポ杯阪神牝馬S(GII)	GII	10	7	7	35.2	8	4	幸英明	55	芝1600	良	1:31.8	0.2	3-3	34.9-33.5	33.4	470(0)	
クランフォード	2026/03/29	2阪神2	晴	11	六甲S(L)	L	13	5	7	8.3	4	2	幸英明	55	芝1600	良	1:32.1	0.1	2-2	34.4-34.4	34.1	470(+4)	
クランフォード	2026/01/24	1京都8	晴	11	睦月S(OP)	OP	14	1	1	12.5	7	12	吉村誠之	55	芝1600	良	1:34.8	0.7	4-5	35.8-34.8	33.7	466(-2)	
クランフォード	2025/12/13	5阪神3	晴	11	リゲルS(L)	L	13	1	1	47.2	9	7	団野大成	55	芝1600	良	1:32.1	0.3	5-5	35.0-33.9	33.4	468(+14)	
クランフォード	2025/06/01	2京都12	晴	10	安土城S(L)	L	16	3	5	4.6	2	8	吉村誠之	54	芝1400	良	1:20.8	0.5	6-5	35.1-33.8	33.7	454(-12)	
クランフォード	2025/03/23	2中京4	晴	11	愛知杯(GIII)	GIII	18	6	11	5.1	2	15	西村淳也	55	芝1400	良	1:21.7	1.5	4-4	32.7-36.0	37.0	466(+8)	
クランフォード	2024/10/26	5京都7	曇	11	MBS賞スワンS(GII)	GII	17	2	4	4.1	1	13	西村淳也	53	芝1400	良	1:21.1	0.6	3-3	34.0-35.0	35.3	458(+2)	
クランフォード	2024/08/17	2中京3	晴	11	豊明S(3勝クラス)	3勝クラス	14	7	11	2.2	1	1	西村淳也	53	芝1400	良	1:19.0	-0.1	2-2	33.0-34.7	34.5	456(+2)	
クランフォード	2024/06/23	4京都8	曇	9	瀬田特別(2勝クラス)	2勝クラス	18	6	11	5.2	2	1	西村淳也	53	芝1400	重	1:21.2	-0.6	2-2	35.7-34.0	33.9	454(-2)	
クランフォード	2024/04/28	3京都4	晴	6	3歳1勝クラス	1勝クラス	11	7	8	2.2	1	1	モレイラ	55	芝1400	良	1:20.2	-0.7	1-1	35.0-33.9	33.9	456(+4)	
クランフォード	2024/02/25	1阪神2	小雨	10	マーガレットS(L)	L	11	6	7	8.9	6	7	ルメート	55	芝1200	重	1:10.6	1.2	5-6	34.1-35.3	35.8	452(-4)	
クランフォード	2024/02/03	1東京3	晴	9	春菜賞(1勝クラス)	1勝クラス	8	4	4	2.0	1	2	西村淳也	55	芝1400	良	1:21.3	0.2	1-1	35.2-33.7	33.9	456(0)	
クランフォード	2023/12/03	5阪神2	晴	2	2歳未勝利	未勝利	11	4	4	1.5	1	1	西村淳也	55	芝1400	良	1:21.1	-0.3	2-2	33.9-35.5	35.3	456(-10)	
クランフォード	2023/10/14	2京都4	曇	5	2歳新馬	新馬	13	7	10	4.9	3	2	西村淳也	55	芝1600	良	1:34.4	0.1	1-1	36.4-33.7	33.8	466(0)	
ジョスラン	2026/05/17	2東京8	晴	11	ヴィクトリアマイル(GI)	GI	18	7	14	26.2	9	8	戸崎圭太	56	芝1600	良	1:31.6	0.7	8-9	34.6-33.6	33.5	478(+6)	
ジョスラン	2026/01/24	1小倉1	晴	11	小倉牝馬S(GIII)	GIII	18	8	17	3.6	1	1	ルメール	54	芝2000	良	1:58.1	0.0	7-9-6-6	34.9-34.5	33.9	472(0)	
ジョスラン	2025/10/19	3京都7	曇	11	秋華賞(GI)	GI	18	2	3	12.5	4	4	岩田望来	55	芝2000	良	1:58.8	0.5	6-9-11-13	35.6-35.3	34.7	472(+2)	
ジョスラン	2025/09/07	4中山2	晴	11	紫苑S(GII)	GII	13	4	5	4.8	2	2	ルメール	55	芝2000	良	1:59.1	0.0	5-5-4-5	34.7-34.0	33.6	470(+6)	
ジョスラン	2025/05/24	2東京9	曇	9	カーネーションC(1勝クラス)	1勝クラス	9	7	7	5.6	3	1	レーン	55	芝1800	良	1:45.4	-0.3	7-6-5	35.1-34.1	33.5	464(-10)	
ジョスラン	2025/03/22	2中山7	晴	11	フラワーC(GIII)	GIII	16	4	7	6.6	3	4	横山武史	55	芝1800	良	1:48.5	0.7	7-8-8-8	35.5-35.4	35.5	474(-4)	
ジョスラン	2024/12/21	5中山7	晴	5	2歳新馬	新馬	16	3	5	3.1	2	1	横山武史	55	芝1800	良	1:51.2	-0.4	2-2-1-1	38.9-33.7	33.7	478(0)	
セキトバイースト	2026/06/21	3東京6	曇	11	府中牝馬S(GIII)	GIII	16	4	7	9.4	5	1	浜中俊	56	芝1800	稍	1:45.5	-0.5	1-1-1	35.5-35.1	35.1	468(+2)	
セキトバイースト	2026/05/16	1新潟5	晴	11	新潟大賞典(GIII)	GIII	15	7	12	10.2	5	7	浜中俊	56	芝2000	良	1:59.4	0.5	3-3	35.9-34.0	34.5	466(+6)	
セキトバイースト	2026/03/15	1中京2	晴	11	東海テレビ杯金鯱賞(GII)	GII	14	6	10	24.8	9	11	浜中俊	55	芝2000	良	1:59.0	0.9	3-2-2-2	36.1-35.1	35.8	460(-8)	
セキトバイースト	2025/11/16	4京都4	晴	11	エリザベス女王杯(GI)	GI	16	5	10	36.5	10	6	浜中俊	56	芝2200	良	2:11.6	0.6	4-4-3-3	35.4-34.9	35.3	468(-10)	
セキトバイースト	2025/10/12	4東京4	曇	11	アイルランドT(GII)	GII	16	6	11	5.9	3	10	浜中俊	55	芝1800	良	1:46.6	0.9	3-3-3	36.4-33.2	33.8	478(+20)	
セキトバイースト	2025/06/22	3東京6	晴	11	府中牝馬S(GIII)	GIII	14	7	12	7.1	5	1	浜中俊	55.5	芝1800	良	1:46.0	-0.2	6-2-3	35.5-35.4	35.2	458(+2)	
セキトバイースト	2025/05/25	2京都10	曇	11	都大路S(L)	L	17	8	16	17.4	8	1	浜中俊	54	芝1800	稍	1:45.2	-0.5	3-2	33.9-35.7	35.6	456(+2)	
セキトバイースト	2025/04/20	1福島4	曇	11	福島牝馬S(GIII)	GIII	16	5	9	11.9	7	10	吉田隼人	55	芝1800	良	1:47.3	1.1	13-10-6-7	35.2-35.2	35.5	454(0)	
セキトバイースト	2025/03/08	2中山3	曇	11	中山牝馬S(GIII)	GIII	14	8	14	10.6	6	12	藤岡佑介	55	芝1800	良	1:47.9	0.8	4-3-3-3	36.5-35.7	35.9	454(-6)	
セキトバイースト	2025/01/26	1小倉2	晴	11	壇之浦S(3勝クラス)	3勝クラス	12	8	12	3.5	1	1	藤岡佑介	55	芝1800	良	1:46.9	-0.3	2-2-2-2	36.4-34.9	34.8	460(+2)	
セキトバイースト	2024/10/13	5京都4	晴	11	秋華賞(GI)	GI	15	8	15	33.0	10	13	藤岡佑介	55	芝2000	良	1:58.5	1.4	1-1-1-1	34.5-36.7	38.1	458(+6)	
セキトバイースト	2024/09/15	3中京4	曇	11	関西TVローズS(GII)	GII	15	6	10	51.6	11	3	藤岡佑介	55	芝2000	稍	2:00.1	0.2	1-1-1-1	36.1-35.6	35.8	452(+14)	
セキトバイースト	2024/04/07	2阪神6	晴	11	桜花賞(GI)	GI	18	5	10	80.2	10	7	藤岡佑介	55	芝1600	良	1:32.8	0.6	3-3	34.5-34.1	34.4	438(-4)	
セキトバイースト	2024/03/02	1阪神3	曇	11	チューリップ賞(GII)	GII	16	4	8	36.3	9	2	藤岡佑介	55	芝1600	稍	1:33.3	0.2	1-1	34.5-35.4	35.6	442(-10)	
セキトバイースト	2024/01/13	1京都4	曇	10	紅梅S(L)	L	9	5	5	4.8	3	2	岩田望来	55	芝1400	良	1:23.6	0.2	7-5	36.1-34.8	34.6	452(+6)	
セキトバイースト	2023/11/19	5東京6	晴	9	赤松賞(1勝クラス)	1勝クラス	9	4	4	3.1	2	5	三浦皇成	55	芝1600	良	1:34.2	0.4	4-4	35.7-33.9	34.0	446(+4)	ステレンボッシュ
セキトバイースト	2023/10/09	2京都3	曇	9	りんどう賞(1勝クラス)	1勝クラス	10	3	3	3.6	1	2	藤岡康太	55	芝1400	重	1:22.9	0.0	6-6	35.3-35.6	35.0	442(+8)	
セキトバイースト	2023/07/23	3中京8	晴	1	2歳未勝利	未勝利	8	4	4	1.7	1	1	岩田望来	55	芝1600	良	1:35.8	-0.7	3-3-3	36.1-35.0	34.6	434(+2)	
セキトバイースト	2023/07/02	3中京2	晴	5	2歳新馬	新馬	8	3	3	4.2	3	2	岩田望来	55	芝1600	良	1:36.9	0.2	5-5-5	36.7-34.7	34.3	432(0)	
チェルビアット	2026/08/16	2中京8	晴	7	中京記念(GIII)	GIII	16	6	11	13.5	6	7	吉村誠之	55	芝1600	良	1:31.6	0.5	4-5-5	34.8-34.2	34.2	498(+6)	
チェルビアット	2026/05/24	3京都10	晴	11	都大路S(L)	L	13	7	10	7.4	3	2	北村友一	55	芝1800	良	1:43.7	0.3	7-8	34.8-34.8	34.3	492(0)	
チェルビアット	2026/03/22	1中京4	曇	11	愛知杯(GIII)	GIII	18	4	7	5.9	2	5	西村淳也	55	芝1400	良	1:19.8	0.2	8-6	33.9-34.2	33.8	492(-2)	アイサンサン
チェルビアット	2026/02/14	2京都5	晴	11	洛陽S(L)	L	14	8	14	5.2	2	2	西村淳也	55	芝1600	良	1:34.2	0.2	3-3	36.3-33.6	33.5	494(+6)	
チェルビアット	2025/12/20	5中山5	曇	11	ターコイズS(GIII)	GIII	16	8	16	5.8	2	13	戸崎圭太	54	芝1600	良	1:33.6	0.6	16-15-13	34.7-34.7	33.8	488(+4)	ドロップオブライト
チェルビアット	2025/11/01	4東京10	曇	10	紅葉S(3勝クラス)	3勝クラス	12	7	10	4.2	2	1	ルメール	55	芝1600	良	1:32.8	0.0	5-5	35.6-33.5	32.8	484(-2)	
チェルビアット	2025/09/14	4阪神4	晴	11	関西TVローズS(GII)	GII	17	4	8	5.7	2	13	ルメール	55	芝1800	良	1:44.7	1.2	13-14	34.0-35.0	35.1	486(+8)	カムニャック
チェルビアット	2025/05/11	2東京6	晴	11	NHKマイルC(GI)	GI	18	2	3	73.7	12	3	ディー	55	芝1600	良	1:31.7	0.0	10-9	33.4-35.3	34.3	478(-4)	
チェルビアット	2025/04/13	2阪神6	雨	11	桜花賞(GI)	GI	18	7	13	53.0	12	6	北村友一	55	芝1600	稍	1:34.2	1.1	15-17	34.5-34.5	34.5	482(-2)	エンブロイダリー
チェルビアット	2025/03/08	1阪神3	曇	11	フィリーズレビュー(GII)	GII	18	7	14	101.6	14	2	北村友一	55	芝1400	良	1:20.8	0.1	14-14	33.2-35.8	34.8	484(+2)	
チェルビアット	2025/02/16	1小倉8	曇	2	3歳未勝利	未勝利	18	8	16	3.7	1	1	鮫島克駿	55	芝1200	良	1:09.6	0.0	2-2	34.7-34.9	34.8	482(-4)	
チェルビアット	2024/12/14	7京都5	曇	7	2歳未勝利	未勝利	18	7	14	5.5	3	6	坂井瑠星	55	芝1800	良	1:48.5	0.9	5-9	35.5-35.4	35.9	486(+2)	
チェルビアット	2024/11/02	6京都1	雨	3	2歳未勝利	未勝利	13	8	13	4.1	3	5	北村友一	55	芝1400	重	1:23.5	0.6	5-5	35.3-35.3	35.4	484(-10)	
チェルビアット	2024/10/06	5京都2	晴	4	2歳新馬	新馬	17	3	5	4.8	2	3	北村友一	55	芝1400	良	1:21.8	0.5	8-7	34.8-35.0	34.7	494(0)	インフローレ
テリオスララ	2026/06/21	3東京6	曇	11	府中牝馬S(GIII)	GIII	16	5	9	15.0	7	16	ゴンサル	54	芝1800	稍	1:50.9	5.4	2-2-2	35.5-35.1	39.7	508(+6)	
テリオスララ	2026/03/08	1阪神6	晴	11	大阪城S(L)	L	13	4	5	8.6	6	10	松山弘平	55	芝1800	良	1:45.4	1.4	1-1	34.3-34.7	36.1	502(-20)	
テリオスララ	2026/02/10	1東京4	曇	10	初音S(3勝クラス)	3勝クラス	11	3	3	11.1	5	1	武豊	55	芝1800	良	1:45.7	-0.1	1-1-1	36.1-33.2	33.2	522(+34)	
テリオスララ	2025/10/19	4東京7	小雨	12	甲斐路S(3勝クラス)	3勝クラス	18	7	14	10.8	4	10	戸崎圭太	54	芝1800	良	1:46.4	1.0	5-5-7	35.6-34.1	34.3	488(-4)	
テリオスララ	2025/09/07	4中山2	晴	11	紫苑S(GII)	GII	13	8	13	16.9	6	7	鮫島克駿	55	芝2000	良	1:59.4	0.3	4-4-3-3	34.7-34.0	34.1	492(-4)	
テリオスララ	2025/08/02	1札幌3	晴	11	STV賞(3勝クラス)	3勝クラス	16	4	7	3.1	1	13	鮫島克駿	53	芝2000	良	2:01.1	0.9	5-7-7-8	36.1-35.2	35.7	496(+10)	
テリオスララ	2024/12/08	7京都4	曇	11	阪神ジュベナイルF(GI)	GI	18	1	2	16.3	7	3	Ｍ．デム	55	芝1600	良	1:33.9	0.5	5-5	34.2-34.9	35.1	486(-10)	
テリオスララ	2024/10/26	5京都7	曇	8	萩S(L)	L	6	5	5	3.7	2	1	鮫島克駿	55	芝1800	良	1:48.1	-0.3	1-1	37.2-33.7	33.7	496(0)	
テリオスララ	2024/08/10	2札幌1	曇	1	2歳未勝利	未勝利	7	6	6	1.3	1	1	鮫島克駿	55	芝1800	良	1:49.4	-0.1	1-1-1-1	37.5-34.9	34.9	496(0)	
テリオスララ	2024/07/21	1札幌2	晴	5	2歳新馬	新馬	8	8	8	1.8	1	2	鮫島克駿	55	芝1800	良	1:48.3	0.5	3-3-2-2	36.9-34.8	35.3	496(0)	
ニシノティアモ	2026/06/21	3東京6	曇	11	府中牝馬S(GIII)	GIII	16	4	8	5.0	2	10	津村明秀	56	芝1800	稍	1:47.0	1.5	7-7-7	35.5-35.1	35.4	452(+2)	
ニシノティアモ	2026/05/17	2東京8	晴	11	ヴィクトリアマイル(GI)	GI	18	8	16	14.9	4	6	津村明秀	56	芝1600	良	1:31.5	0.6	2-2	34.6-33.6	34.1	450(+2)	
ニシノティアモ	2026/03/07	2中山3	晴	11	中山牝馬S(GIII)	GIII	16	7	14	4.8	2	5	津村明秀	56	芝1800	稍	1:47.3	0.2	10-12-10-9	36.1-36.0	35.1	448(+4)	
ニシノティアモ	2025/11/22	3福島5	晴	11	福島記念(GIII)	GIII	16	5	10	3.9	2	1	津村明秀	54	芝2000	良	1:59.9	-0.2	2-2-2-2	36.1-34.2	34.0	444(+4)	
ニシノティアモ	2025/10/19	4東京7	小雨	12	甲斐路S(3勝クラス)	3勝クラス	18	8	16	12.7	6	1	津村明秀	54	芝1800	良	1:45.4	-0.3	9-9-10	35.6-34.1	33.1	440(+2)	
ニシノティアモ	2025/07/06	2福島4	晴	10	白河特別(2勝クラス)	2勝クラス	16	1	2	2.3	1	1	津村明秀	56	芝1800	良	1:48.2	-0.2	4-3-5-5	35.2-37.0	35.4	438(-2)	
ニシノティアモ	2025/06/01	2東京12	晴	6	4歳以上1勝クラス	1勝クラス	16	7	14	3.7	1	1	津村明秀	56	芝1800	稍	1:45.8	-0.4	4-2-2	35.9-34.1	34.0	440(+12)	
ニシノティアモ	2024/10/19	4東京5	曇	12	3歳以上1勝クラス	1勝クラス	12	6	7	6.2	3	5	横山和生	54	芝1800	良	1:47.1	0.7	2-2-2	36.1-33.6	34.2	428(-4)	
ニシノティアモ	2024/10/05	4東京1	小雨	8	3歳以上1勝クラス	1勝クラス	11	5	5	2.6	2	4	戸崎圭太	54	芝1800	稍	1:47.1	0.2	2-3-3	36.1-34.6	34.5	432(+8)	
ニシノティアモ	2024/04/28	2東京4	晴	11	スイートピーS(L)	L	13	1	1	4.9	3	2	田辺裕信	55	芝1800	良	1:45.6	0.0	6-5-5	34.0-35.7	34.4	424(-2)	
ニシノティアモ	2024/03/24	3中山2	曇	8	ミモザ賞(1勝クラス)	1勝クラス	7	3	3	2.3	1	2	田辺裕信	55	芝2000	良	2:00.6	0.2	3-3-5-4	35.9-35.6	35.5	426(-4)	
ニシノティアモ	2024/02/17	1東京7	曇	9	フリージア賞(1勝クラス)	1勝クラス	10	4	4	12.2	5	5	田辺裕信	55	芝2000	良	2:00.4	0.1	1-3-4	36.9-34.1	33.9	430(-4)	マーシャルポイント
ニシノティアモ	2024/01/07	1中山2	曇	11	フェアリーS(GIII)	GIII	14	8	14	43.3	10	5	田辺裕信	55	芝1600	良	1:34.3	0.3	11-10-7	34.7-35.1	34.6	434(+2)	イフェイオン
ニシノティアモ	2023/11/05	5東京2	晴	2	2歳未勝利	未勝利	13	6	8	3.1	2	1	田辺裕信	55	芝1600	良	1:35.0	-0.2	2-2	36.1-34.3	34.2	432(-6)	
ニシノティアモ	2023/10/15	4新潟2	小雨	5	2歳新馬	新馬	18	8	17	4.6	2	2	丹内祐次	55	芝1600	良	1:35.9	0.4	7-6	35.2-35.0	34.9	438(0)	
ハワイアンティアレ	2026/08/01	2中京3	晴	7	豊橋S(3勝クラス)	3勝クラス	11	6	6	16.1	7	1	吉村誠之	53	芝1600	良	1:33.1	-0.1	1-1-1	36.5-33.1	33.1	440(-10)	
ハワイアンティアレ	2026/05/17	3京都8	晴	10	錦S(3勝クラス)	3勝クラス	13	8	13	19.0	9	10	角田大和	53	芝1600	良	1:32.9	0.3	10-11	35.5-33.2	32.4	450(+10)	
ハワイアンティアレ	2026/05/02	1新潟1	晴	11	三条S(3勝クラス)	3勝クラス	15	6	10	39.6	11	8	富田暁	56	ダ1800	重	1:54.8	1.9	9-8-8-10	36.9-38.5	39.6	440(0)	
ハワイアンティアレ	2026/03/01	1阪神4	晴	10	伊丹S(3勝クラス)	3勝クラス	14	4	5	14.9	8	14	川田将雅	56	ダ1800	良	1:55.4	2.7	2-2-2-4	37.4-36.8	39.4	440(-2)	
ハワイアンティアレ	2026/01/31	2京都1	晴	11	舞鶴S(3勝クラス)	3勝クラス	13	7	11	22.9	6	4	吉村誠之	56	ダ1800	良	1:52.9	0.8	9-9-7-7	36.7-37.3	37.5	442(+4)	
ハワイアンティアレ	2026/01/11	1京都4	曇	10	新春S(3勝クラス)	3勝クラス	15	5	9	19.2	7	12	池添謙一	56	芝1600	良	1:33.9	1.1	6-7	34.6-34.8	34.6	438(+2)	
ハワイアンティアレ	2025/12/06	5中京1	晴	11	飛騨S(3勝クラス)	3勝クラス	12	1	1	4.8	3	6	富田暁	56	芝1400	良	1:19.9	0.5	6-6	34.0-34.0	33.7	436(+2)	
ハワイアンティアレ	2025/09/14	4阪神4	曇	10	仲秋S(3勝クラス)	3勝クラス	11	1	1	4.6	2	6	川田将雅	56	芝1600	良	1:32.7	0.5	7-7	35.6-33.4	33.5	434(-2)	ラヴァンダ
ハワイアンティアレ	2025/08/24	3新潟2	晴	9	長岡S(3勝クラス)	3勝クラス	18	4	8	9.7	4	2	丸山元気	54	芝1600	良	1:32.5	0.0	4-5	34.8-33.6	33.1	436(+4)	
ハワイアンティアレ	2025/06/21	3阪神5	晴	9	舞子特別(2勝クラス)	2勝クラス	13	8	12	6.0	2	1	和田竜二	54	芝1600	良	1:32.6	-0.1	7-10	34.5-34.6	33.7	432(0)	(テラメリタ)
ハワイアンティアレ	2025/05/31	2東京11	小雨	10	葉山特別(2勝クラス)	2勝クラス	16	1	1	15.0	7	3	丸山元気	56	芝1600	重	1:36.0	0.1	9-10	35.5-35.8	35.1	432(+8)	ウインアイオライト
ハワイアンティアレ	2025/02/22	1京都7	曇	8	4歳以上2勝クラス	2勝クラス	9	1	1	11.4	5	6	池添謙一	56	芝1600	良	1:35.5	0.5	5-6	36.0-34.8	34.4	424(+2)	エポックヴィーナス
ハワイアンティアレ	2024/11/30	4中京1	晴	10	中京日経賞(2勝クラス)	2勝クラス	13	2	2	3.4	1	11	西塚洸二	54	芝1600	良	1:34.9	1.0	8-11-11	35.1-35.6	34.1	422(-12)	メルトユアハート
ハワイアンティアレ	2024/09/15	3中京4	曇	11	関西TVローズS(GII)	GII	15	7	13	80.9	13	12	池添謙一	55	芝2000	稍	2:01.3	1.4	12-13-13-13	36.1-35.6	34.2	434(+6)	
ハワイアンティアレ	2024/08/25	2中京6	曇	8	3歳以上1勝クラス	1勝クラス	15	7	14	4.0	2	1	Ｍ．デム	53	芝1600	良	1:33.3	-0.1	10-10-11	35.0-34.6	33.6	428(+8)	
ハワイアンティアレ	2024/04/28	2東京4	晴	11	スイートピーS(L)	L	13	2	2	4.8	1	8	佐々木大	55	芝1800	良	1:46.6	1.0	11-12-12	34.0-35.7	34.5	420(0)	コガネノソラ
ハワイアンティアレ	2024/04/07	2阪神6	晴	11	桜花賞(GI)	GI	18	3	6	102.6	12	10	池添謙一	55	芝1600	良	1:32.9	0.7	16-15	34.5-34.1	33.7	420(0)	ステレンボッシュ
ハワイアンティアレ	2024/03/02	1阪神3	曇	11	チューリップ賞(GII)	GII	16	6	11	154.3	15	3	西村淳也	55	芝1600	稍	1:33.4	0.3	13-11	34.5-35.4	34.7	420(-2)	スウィープフィート
ハワイアンティアレ	2024/02/11	2京都6	曇	5	3歳未勝利	未勝利	14	6	10	4.8	3	1	西村淳也	55	芝1600	良	1:36.2	-0.1	5-3	35.6-35.3	35.0	422(+4)	
ハワイアンティアレ	2023/11/05	3京都2	晴	4	2歳新馬	新馬	17	8	15	31.1	7	7	松山弘平	55	芝1600	良	1:34.9	0.6	15-13	35.6-34.5	33.8	418(0)	
ミアネーロ	2026/08/08	2新潟5	晴	7	関越S(OP)	OP	16	3	6	10.6	4	3	大野拓弥	55	芝1800	良	1:45.2	0.2	3-3	35.5-32.7	32.7	500(-4)	
ミアネーロ	2026/06/21	3東京6	曇	11	府中牝馬S(GIII)	GIII	16	2	4	94.6	14	3	大野拓弥	55	芝1800	稍	1:46.0	0.5	5-7-7	35.5-35.1	34.5	504(-4)	
ミアネーロ	2026/03/08	2中山4	晴	10	総武S(OP)	OP	15	2	3	23.1	11	15	津村明秀	56	ダ1800	稍	1:55.9	3.2	13-13-13-13	36.5-38.4	40.8	508(+12)	ブレイクフォース
ミアネーロ	2025/10/19	4新潟2	曇	11	新潟牝馬S(L)	L	14	6	10	7.9	4	4	舟山瑠泉	56	芝2200	良	2:13.1	0.4	11-11-8-7	35.8-35.0	34.6	496(+14)	カネラフィーナ
ミアネーロ	2025/06/22	3東京6	晴	11	府中牝馬S(GIII)	GIII	14	6	9	11.2	6	11	ディー	55.5	芝1800	良	1:46.9	0.9	8-10-10	35.5-35.4	35.4	482(-10)	
ミアネーロ	2025/05/18	2東京8	曇	11	ヴィクトリアマイル(GI)	GI	17	3	6			取	ディー	56	芝1600	良				33.9-35.3		計不	
ミアネーロ	2025/03/08	2中山3	曇	11	中山牝馬S(GIII)	GIII	14	1	1	5.6	2	8	津村明秀	55.5	芝1800	良	1:47.5	0.4	14-12-11-12	36.5-35.7	34.8	492(+12)	シランケド
ミアネーロ	2024/12/14	5中山5	晴	11	ターコイズS(GIII)	GIII	16	4	7	2.9	1	8	ルメール	54.5	芝1600	良	1:33.5	0.3	12-12-14	34.7-35.1	34.1	480(+2)	アルジーヌ
ミアネーロ	2024/10/13	5京都4	晴	11	秋華賞(GI)	GI	15	2	2	13.5	4	6	津村明秀	55	芝2000	良	1:57.7	0.6	10-10-11-10	34.5-36.7	34.5	478(-2)	
ミアネーロ	2024/09/07	4中山1	晴	11	紫苑S(GII)	GII	13	1	1	5.6	3	2	津村明秀	55	芝2000	良	1:56.6	0.0	8-9-8-8	34.7-34.0	33.0	480(+4)	クリスマスパレード
ミアネーロ	2024/05/19	2東京10	曇	11	優駿牝馬(GI)	GI	18	1	1	25.2	9	14	津村明秀	55	芝2400	良	2:25.3	1.3	7-7-9-10	34.7-35.1	35.3	476(+4)	チェルヴィニア
ミアネーロ	2024/03/16	2中山7	晴	11	フラワーC(GIII)	GIII	12	5	5	3.7	2	1	津村明秀	55	芝1800	良	1:48.0	-0.1	7-7-7-6	36.1-36.0	35.4	472(-6)	
ミアネーロ	2024/01/13	1中山4	曇	9	菜の花賞(1勝クラス)	1勝クラス	12	6	8	2.4	1	5	ルメール	55	芝1600	良	1:33.6	0.2	8-8-9	34.9-34.9	34.2	478(0)	ミラビリスマジック
ミアネーロ	2023/09/16	4中山3	晴	5	2歳新馬	新馬	9	6	6	4.2	3	1	津村明秀	55	芝1800	良	1:49.6	-0.2	5-4-3-2	38.2-34.7	34.6	478(0)	(マーシャルポイント)
ミラビリスマジック	2026/07/18	2福島7	曇	11	阿武隈S(3勝クラス)	3勝クラス	16	7	13	4.8	2	1	戸崎圭太	53	芝1800	良	1:46.2	-0.1	7-7-7-7	34.9-36.6	34.9	458(-2)	
ミラビリスマジック	2026/05/17	1新潟6	晴	11	弥彦S(3勝クラス)	3勝クラス	16	8	16	16.9	8	5	小沢大仁	56	芝1800	良	1:49.3	0.2	5-5	37.7-33.1	33.0	460(+2)	
ミラビリスマジック	2026/03/28	1中京5	晴	11	マレーシアC(3勝クラス)	3勝クラス	16	7	13	59.2	14	9	小沢大仁	56	芝1600	良	1:32.9	0.7	6-9-9	34.1-34.4	34.1	458(-10)	
ミラビリスマジック	2026/02/15	1東京6	晴	9	雲雀S(3勝クラス)	3勝クラス	16	6	11	55.6	11	13	松山弘平	56	芝1600	良	1:34.9	0.9	3-3	35.2-33.5	34.0	468(+16)	
ミラビリスマジック	2025/05/10	2東京5	曇	9	分倍河原S(3勝クラス)	3勝クラス	15	4	7	5.8	3	8	戸崎圭太	56	芝1600	稍	1:35.0	0.3	5-5	36.2-33.8	33.6	452(-4)	
ミラビリスマジック	2024/11/23	5東京7	晴	12	3歳以上2勝クラス	2勝クラス	14	7	12	2.3	1	1	ビュイッ	55	芝1600	良	1:33.7	0.0	5-5	35.4-34.5	33.9	456(-4)	
ミラビリスマジック	2024/09/22	4中山7	曇	9	木更津特別(2勝クラス)	2勝クラス	13	1	1	4.8	3	2	戸崎圭太	54	芝1600	良	1:32.7	0.3	2-4-3	35.3-33.9	33.8	460(+18)	
ミラビリスマジック	2024/03/02	1阪神3	曇	11	チューリップ賞(GII)	GII	16	3	5	6.2	3	6	田辺裕信	55	芝1600	稍	1:33.7	0.6	4-4	34.5-35.4	35.4	442(-10)	
ミラビリスマジック	2024/01/13	1中山4	曇	9	菜の花賞(1勝クラス)	1勝クラス	12	5	6	3.5	2	1	田辺裕信	55	芝1600	良	1:33.4	-0.1	5-5-6	34.9-34.9	34.2	452(0)	(ロンドンアームズ)
ミラビリスマジック	2023/12/17	5中山6	晴	5	2歳新馬	新馬	16	5	9	4.1	2	1	田辺裕信	55	芝1600	良	1:36.0	-0.1	2-4-4	36.3-35.3	34.9	452(0)	
ムイ	2026/09/05	4阪神1	曇	11	エニフS(L)	L	12	8	12	48.3	10	12	富田暁	52	ダ1400	稍	1:25.7	2.2	9-8	35.1-36.2	37.7	464(-4)	ゴッドブルービー
ムイ	2026/05/31	3京都12	晴	10	安土城S(L)	L	17	3	6	32.4	12	15	川又賢治	53	芝1400	良	1:21.3	1.4	14-14	35.3-33.1	33.0	468(+2)	エコロブルーム
ムイ	2026/04/26	1福島6	晴	11	モルガナイトS(OP)	OP	16	8	15	33.2	13	10	富田暁	53	芝1200	良	1:08.1	0.6	15-15	33.6-33.9	33.1	466(+8)	サウンドモリアーナ
ムイ	2026/01/11	1京都4	晴	11	淀短距離S(L)	L	16	8	15	29.8	10	9	岩田望来	55	芝1200	良	1:09.3	0.4	13-13	34.6-34.3	33.5	458(-6)	ヤブサメ
ムイ	2025/12/07	5中山2	晴	11	ラピスラズリS(L)	L	16	4	7	40.1	11	10	木幡巧也	54	芝1200	良	1:08.0	0.9	15-14	33.5-33.6	33.1	464(-14)	ロードフォアエース
ムイ	2025/10/13	3京都5	晴	11	MBS賞スワンS(GII)	GII	18	2	3	21.9	9	14	岩田望来	53	芝1400	良	1:19.8	0.9	14-13	33.5-34.0	33.9	478(+14)	オフトレイル
ムイ	2025/05/31	2京都11	曇	11	葵S(GIII)	GIII	16	7	13	10.0	5	12	今村聖奈	55	芝1200	良	1:08.9	0.6	12-14	33.5-34.8	33.6	464(+4)	アブキールベイ
ムイ	2025/05/11	2京都6	曇	10	橘S(L)	L	11	3	3	14.4	7	1	今村聖奈	55	芝1400	良	1:21.8	0.0	7-7	36.0-34.1	33.4	460(+2)	(ドゥアムール)
ムイ	2025/04/12	3中山5	晴	11	ニュージーランドT(GII)	GII	14	6	10	17.1	6	12	今村聖奈	55	芝1600	良	1:33.8	1.4	12-12-13	34.3-34.7	34.1	458(-2)	イミグラントソング
ムイ	2025/03/29	2阪神1	晴	6	3歳1勝クラス	1勝クラス	12	6	7	16.3	7	1	今村聖奈	52	芝1400	良	1:20.4	-0.3	10-9	33.6-35.4	34.4	460(-8)	(ホーリーブラッサム)
ムイ	2025/01/26	1小倉2	晴	5	3歳新馬	新馬	18	7	15	7.5	4	1	今村聖奈	52	芝1200	良	1:09.0	-0.1	4-4	33.4-35.6	34.9	468(0)	
ラヴァンダ	2026/08/16	2中京8	晴	7	中京記念(GIII)	GIII	16	2	3	5.8	2	1	岩田望来	56	芝1600	良	1:31.1	-0.1	4-6-6	34.8-34.2	33.6	494(0)	
ラヴァンダ	2026/05/17	2東京8	晴	11	ヴィクトリアマイル(GI)	GI	18	3	6	23.3	8	7	岩田望来	56	芝1600	良	1:31.6	0.7	8-7	34.6-33.6	33.6	494(+2)	
ラヴァンダ	2026/04/11	2阪神5	晴	11	サンスポ杯阪神牝馬S(GII)	GII	10	4	4	4.2	3	8	岩田望来	56	芝1600	良	1:32.3	0.7	4-5	34.9-33.5	33.7	492(-6)	
ラヴァンダ	2026/02/10	1東京4	曇	11	東京新聞杯(GIII)	GIII	16	1	2	7.5	4	2	岩田望来	56	芝1600	良	1:32.3	0.1	9-9	34.7-34.0	33.3	498(+6)	
ラヴァンダ	2025/11/23	4京都6	晴	11	マイルチャンピオンS(GI)	GI	18	5	10	20.2	6	16	岩田望来	56	芝1600	良	1:32.8	1.5	4-4	34.2-33.6	34.5	492(+4)	
ラヴァンダ	2025/10/12	4東京4	曇	11	アイルランドT(GII)	GII	16	8	15	7.0	4	1	岩田望来	55	芝1800	良	1:45.7	-0.1	7-8-10	36.4-33.2	32.4	488(-4)	
ラヴァンダ	2025/09/14	4阪神4	曇	10	仲秋S(3勝クラス)	3勝クラス	11	7	8	2.4	1	1	岩田望来	56	芝1600	良	1:32.2	0.0	6-4	35.6-33.4	33.2	492(+4)	
ラヴァンダ	2025/06/22	3東京6	晴	11	府中牝馬S(GIII)	GIII	14	8	14	5.8	2	3	岩田望来	54	芝1800	良	1:46.3	0.3	8-7-7	35.5-35.4	35.0	488(+6)	
ラヴァンダ	2025/05/24	2京都9	雨	10	シドニーT(3勝クラス)	3勝クラス	8	4	4	2.3	1	2	岩田望来	56	芝2000	稍	2:05.1	0.1	1-1-1-1	39.7-34.1	34.2	482(0)	
ラヴァンダ	2025/04/12	2阪神5	曇	11	サンスポ杯阪神牝馬S(GII)	GII	14	6	9	19.1	8	3	岩田望来	55	芝1600	良	1:32.8	0.0	10-11	35.5-33.4	32.7	482(-2)	サフィラ
ラヴァンダ	2025/03/15	1阪神5	小雨	10	難波S(3勝クラス)	3勝クラス	15	1	1	8.0	4	2	岩田望来	56	芝1800	良	1:45.3	0.1	6-7	34.8-34.3	33.9	484(-4)	
ラヴァンダ	2025/01/06	1中京2	雨	10	寿S(3勝クラス)	3勝クラス	18	5	9	5.2	3	16	岩田望来	55	芝2000	稍	2:06.3	4.3	4-5-5-5	36.4-36.1	39.8	488(+10)	
ラヴァンダ	2024/10/13	5京都4	晴	11	秋華賞(GI)	GI	15	7	12	123.2	13	4	岩田望来	55	芝2000	良	1:57.6	0.5	3-4-4-4	34.5-36.7	34.9	478(+2)	
ラヴァンダ	2024/09/15	3中京4	曇	11	関西TVローズS(GII)	GII	15	5	9	29.2	8	7	岩田望来	55	芝2000	稍	2:00.5	0.6	3-4-4-4	36.1-35.6	34.4	476(+10)	クイーンズウォーク
ラヴァンダ	2024/05/19	2東京10	曇	11	優駿牝馬(GI)	GI	18	5	9	86.2	12	11	岩田望来	55	芝2400	良	2:25.1	1.1	6-6-6-6	34.7-35.1	35.2	466(0)	
ラヴァンダ	2024/04/21	2東京2	曇	11	サンスポ賞フローラS(GII)	GII	14	3	3	10.2	6	2	岩田望来	55	芝2000	良	1:59.1	0.1	3-4-4	35.6-35.0	34.6	466(-10)	
ラヴァンダ	2024/03/02	1阪神3	曇	11	チューリップ賞(GII)	GII	16	7	14	65.9	11	7	松若風馬	55	芝1600	稍	1:33.8	0.7	11-11	34.5-35.4	35.2	476(-4)	
ラヴァンダ	2024/02/10	2京都5	曇	9	こぶし賞(1勝クラス)	1勝クラス	9	7	7	5.3	3	3	岩田望来	55	芝1600	良	1:35.1	0.2	2-2	36.1-34.3	34.3	480(+2)	
ラヴァンダ	2023/12/09	4中京3	晴	9	つわぶき賞(1勝クラス)	1勝クラス	14	4	6	6.9	4	3	小沢大仁	55	芝1400	良	1:21.4	0.5	7-7	34.7-34.3	34.3	478(+2)	
ラヴァンダ	2023/11/26	3京都8	曇	2	2歳未勝利	未勝利	18	7	13	2.3	1	1	岩田望来	55	芝1400	良	1:21.7	-0.4	7-6	34.5-35.9	34.8	476(+12)	
ラヴァンダ	2023/10/09	2京都3	曇	4	2歳新馬	新馬	17	3	6	7.3	3	3	藤岡佑介	55	芝1400	重	1:22.9	0.2	6-5	34.6-36.6	35.9	464(0)	
ルージュソリテール	2026/08/02	1札幌4	晴	11	クイーンS(GIII)	GIII	14	8	13	19.1	9	6	西塚洸二	55	芝1800	良	1:46.7	0.6	3-4-4-3	35.2-35.0	35.3	438(-4)	
ルージュソリテール	2026/06/21	3東京6	曇	11	府中牝馬S(GIII)	GIII	16	8	15	9.9	6	12	西塚洸二	55	芝1800	稍	1:47.2	1.7	7-2-2	35.5-35.1	36.1	442(+10)	
ルージュソリテール	2026/04/11	2阪神5	晴	11	サンスポ杯阪神牝馬S(GII)	GII	10	3	3	11.3	5	3	西塚洸二	55	芝1600	良	1:31.8	0.2	2-2	34.9-33.5	33.6	432(+4)	
ルージュソリテール	2026/03/28	1中京5	晴	11	マレーシアC(3勝クラス)	3勝クラス	16	1	2	2.9	1	1	西塚洸二	56	芝1600	良	1:32.2	-0.1	4-4-4	34.1-34.4	34.0	428(-6)	
ルージュソリテール	2026/02/10	1東京4	曇	10	初音S(3勝クラス)	3勝クラス	11	7	9	7.4	3	2	横山武史	55	芝1800	良	1:45.8	0.1	2-2-2	36.1-33.2	33.2	434(-16)	
ルージュソリテール	2025/10/19	3京都7	曇	11	秋華賞(GI)	GI	18	1	2	43.2	12	8	北村友一	55	芝2000	良	1:59.2	0.9	6-6-9-9	35.6-35.3	35.4	450(+2)	
ルージュソリテール	2025/09/14	4阪神4	晴	11	関西TVローズS(GII)	GII	17	1	1	8.5	4	10	横山武史	55	芝1800	良	1:44.1	0.6	3-3	34.0-35.0	35.3	448(+20)	
ルージュソリテール	2025/05/03	2東京3	晴	10	スイートピーS(L)	L	13	4	5	7.8	4	1	横山武史	55	芝1800	良	1:45.9	-0.1	2-2-2	35.6-33.8	33.7	428(0)	
ルージュソリテール	2025/03/02	1阪神2	小雨	11	チューリップ賞(GII)	GII	14	7	12	12.3	5	6	北村友一	55	芝1600	良	1:34.3	0.3	8-10	35.7-34.2	33.6	428(-2)	
ルージュソリテール	2025/02/09	1京都4	晴	5	3歳新馬	新馬	18	8	17	4.9	2	1	西村淳也	55	芝1600	稍	1:37.1	-0.3	3-3	36.5-35.7	35.4	430(0)	
ワタシマツワ	2026/08/30	2札幌4	曇	11	日高S(3勝クラス)	3勝クラス	14	2	2	17.9	9	1	小林美駒	56	芝1500	良	1:28.1	-0.1	1-1-1	29.5-35.3	35.3	438(+10)	
ワタシマツワ	2026/07/26	1札幌2	晴	10	羊ヶ丘特別(2勝クラス)	2勝クラス	9	7	8	9.2	5	1	小林美駒	52	芝1500	良	1:27.9	-0.2	2-2-1	30.4-34.1	34.1	428(+12)	
ワタシマツワ	2026/01/10	1中山3	晴	10	初凪賞(2勝クラス)	2勝クラス	16	6	11	61.2	12	14	長岡禎仁	55	芝1600	良	1:35.3	1.5	2-5-6	35.4-34.7	35.7	416(-4)	
ワタシマツワ	2025/12/21	5中京6	曇	12	尾張特別(2勝クラス)	2勝クラス	18	6	11	14.8	8	14	吉田隼人	53	芝1400	稍	1:22.8	0.9	4-4	34.6-35.5	35.8	420(+6)	
ワタシマツワ	2025/10/25	4新潟3	曇	12	3歳以上1勝クラス	1勝クラス	17	5	10	16.6	7	1	丹内祐次	54	芝1400	良	1:21.3	-0.2	4-4	34.3-35.2	34.9	414(-12)	
ワタシマツワ	2025/08/16	1札幌7	晴	4	3歳未勝利	未勝利	14	6	10	3.1	1	1	小林美駒	52	芝1500	良	1:28.0	-0.4	1-1-1	29.3-35.4	35.4	426(+4)	
ワタシマツワ	2025/07/26	1札幌1	曇	4	3歳未勝利	未勝利	14	8	14	10.2	5	2	小林美駒	52	芝1500	良	1:27.5	0.0	2-2-2	29.2-35.0	34.8	422(0)	
ワタシマツワ	2025/07/12	1函館9	晴	1	3歳未勝利	未勝利	14	2	2	12.2	4	3	小林美駒	51	芝1200	良	1:08.9	0.8	2-2	33.1-35.0	35.6	422(+14)	
ワタシマツワ	2025/06/21	1函館3	曇	1	3歳未勝利	未勝利	16	4	7	44.2	10	4	小林美駒	51	芝1200	良	1:09.0	0.2	3-2	33.6-35.2	35.1	408(+4)	
ワタシマツワ	2025/04/06	3中山4	曇	2	3歳未勝利	未勝利	16	2	3	36.0	8	14	松岡正海	55	ダ1200	稍	1:15.2	2.6	4-4	35.2-37.4	39.7	404(-2)	
ワタシマツワ	2025/03/30	2中京6	晴	5	3歳未勝利	未勝利	18	4	8	82.8	12	10	松岡正海	55	芝1200	良	1:11.3	0.9	13-12	35.1-35.3	34.7	406(0)	
