horse	sexage	kinryo	jockey	shozoku	trainer	odds_provisional	ninki_provisional	waku	umaban
セイウンハーデス	牡7	57.0	幸	栗東	橋口	10.4	4	1	1
リアライズシリウス	牡3	55.0	津村	美浦	手塚久	2.9	1	1	2
レディネス	牡4	57.0	横山典	栗東	昆	19.3	7	2	3
サトノシャイニング	牡4	57.0	西村淳	栗東	杉山晴	5.1	2	2	4
クルゼイロドスル	牡6	57.0	荻野極	栗東	高橋忠	169.1	15	3	5
ライヒスアドラー	牡3	55.0	佐々木	美浦	上原佑	5.4	3	3	6
ロングラン	セ8	57.0	菊沢	美浦	和田勇	236.9	16	4	7
ビーアストニッシド	牡7	57.0	原	美浦	堀内	247.5	17	4	8
ドラゴンブースト	牡4	57.0	丹内	栗東	藤野	24.5	9	5	9
エルトンバローズ	牡6	57.0	松若	栗東	杉山晴	27.2	10	5	10
ランスオブカオス	牡4	57.0	横山武	栗東	奥村豊	94.6	14	6	11
レガーロデルシエロ	牡5	57.0	戸崎圭	美浦	栗田	37.5	12	6	12
ホウオウビスケッツ	牡6	57.0	岩田康	美浦	奥村武	22.8	8	7	13
レイニング	牡4	57.0	ルメール	美浦	森一	11.0	5	7	14
シャンパンカラー	牡6	58.0	内田博	美浦	田中剛	90.6	13	8	15
アドマイヤクワッズ	牡3	55.0	坂井	栗東	友道	13.1	6	8	16
ダノンエアズロック	牡5	57.0	田辺	美浦	堀	29.0	11	8	17
