horse	sexage	kinryo	jockey	shozoku	trainer	odds_provisional	ninki_provisional
アドマイヤクワッズ	牡3	55.0	坂井	栗東	友道	7.8	4
ヴィンセンシオ	セ4	57.0		美浦	森一	117.9	16
エルトンバローズ	牡6	57.0	松若	栗東	杉山晴	32.5	10
クルゼイロドスル	牡6	57.0	荻野極	栗東	高橋忠	116.3	15
サトノシャイニング	牡4	57.0	西村淳	栗東	杉山晴	6.1	3
シャンパンカラー	牡6	58.0	内田博	美浦	田中剛	85.1	14
セイウンハーデス	牡7	57.0	幸	栗東	橋口	11.3	5
ダノンエアズロック	牡5	57.0	田辺	美浦	堀	19.1	8
ドラゴンブースト	牡4	57.0	丹内	栗東	藤野	17.6	7
ビーアストニッシド	牡7	57.0		美浦	堀内	999.9	18
ホウオウビスケッツ	牡6	57.0	岩田康	美浦	奥村武	42.5	12
ライヒスアドラー	牡3	55.0	佐々木	美浦	上原佑	5.4	2
ランスオブカオス	牡4	57.0	横山武	栗東	奥村豊	37.2	11
リアライズシリウス	牡3	55.0	津村	美浦	手塚久	3.1	1
レイニング	牡4	57.0	ルメール	美浦	森一	13.3	6
レガーロデルシエロ	牡5	57.0		美浦	栗田	51.0	13
レディネス	牡4	57.0	横山典	栗東	昆	21.4	9
ロングラン	セ8	57.0	菊沢	美浦	和田勇	180.8	17
