year	baba	heads	sanrentan	rank	waku	umaban	name	sexage	kinryo	jockey	ninki	odds	pass	agari	shozoku	weight
2025	良	11	9-8-10	1	7	9	レーベンスティール	牡5	57.0	津村明秀	5	7.7	3-3-3	33.3	美	484
2025	良	11	9-8-10	2	7	8	ホウオウビスケッツ	牡5	57.0	岩田康誠	2	4.3	1-1-1	33.8	美	508
2025	良	11	9-8-10	3	8	10	サトノシャイニング	牡3	55.0	武豊	1	2.4	2-2-2	33.7	栗	498
2025	良	11	9-8-10	4	3	3	ディマイザキッド	牡4	57.0	岩田望来	7	28.7	10-10-9	33.2	美	464
2025	良	11	9-8-10	5	2	2	エルトンバローズ	牡5	57.0	西村淳也	4	6.9	5-3-3	33.8	栗	516
2025	良	11	9-8-10	6	5	5	ジェイパームス	セ5	57.0	佐々木大	10	57.4	7-6-6	33.6	美	510
2025	良	11	9-8-10	7	6	6	チェルヴィニア	牝4	56.0	戸崎圭太	3	5.0	7-6-6	33.8	美	500
2025	良	11	9-8-10	8	1	1	ロングラン	セ7	58.0	丹内祐次	9	48.4	10-11-11	33.3	美	490
2025	良	11	9-8-10	9	6	7	シルトホルン	牡5	57.0	大野拓弥	8	36.0	6-6-6	33.9	美	464
2025	良	11	9-8-10	10	4	4	ラファドゥラ	牝5	55.0	菅原明良	11	132.9	7-9-9	33.8	美	496
2025	良	11	9-8-10	11	8	11	シリウスコルト	牡4	57.0	古川吉洋	6	26.4	3-3-3	34.5	美	496
2024	良	14	11-2-14	1	7	11	シックスペンス	牡3	56.0	ルメール	1	3.5	3-4-4	33.3	美	502
2024	良	14	11-2-14	2	2	2	ホウオウビスケッツ	牡4	57.0	岩田康誠	4	7.4	1-1-1	33.8	美	502
2024	良	14	11-2-14	3	8	14	エルトンバローズ	牡4	58.0	西村淳也	5	8.3	2-2-2	33.7	栗	520
2024	良	14	11-2-14	4	1	1	ヤマニンサルバム	牡5	57.0	三浦皇成	9	30.8	5-5-4	33.4	栗	502
2024	良	14	11-2-14	5	4	6	シルトホルン	牡4	57.0	津村明秀	11	71.2	3-3-3	33.6	美	464
2024	良	14	11-2-14	6	5	7	ダノンエアズロック	牡3	55.0	鮫島克駿	6	11.5	5-5-6	33.3	美	498
2024	良	14	11-2-14	7	7	12	ヨーホーレイク	牡6	57.0	岩田望来	3	5.5	7-5-6	33.4	栗	514
2024	良	14	11-2-14	8	6	10	マテンロウスカイ	セ5	58.0	横山典弘	8	26.0	7-8-8	33.4	栗	
2024	良	14	11-2-14	9	5	8	トップナイフ	牡4	57.0	横山和生	12	77.6	14-13-12	33.0	栗	492
2024	良	14	11-2-14	10	6	9	ローシャムパーク	牡5	57.0	戸崎圭太	2	3.7	9-8-9	33.3	美	502
2024	良	14	11-2-14	11	3	4	カラテ	牡8	57.0	杉原誠人	13	209.4	11-13-12	33.1	栗	526
2024	良	14	11-2-14	12	8	13	オフトレイル	牡3	55.0	田辺裕信	7	21.9	12-10-9	33.5	栗	442
2024	良	14	11-2-14	13	3	3	ニシノスーベニア	牡5	57.0	大野拓弥	10	33.1	9-10-9	33.6	美	534
2024	良	14	11-2-14	14	4	5	エアファンディタ	牡7	57.0	佐々木大	14	281.0	12-12-12	33.4	栗	454
2023	良	12	6-10-1	1	5	6	エルトンバローズ	牡3	55.0	西村淳也	4	17.5	4-4-4	33.8	栗	506
2023	良	12	6-10-1	2	7	10	ソングライン	牝5	57.0	戸崎圭太	1	2.0	4-7-6	33.5	美	490
2023	良	12	6-10-1	3	1	1	シュネルマイスター	牡5	58.0	ルメール	2	2.9	9-10-10	33.3	美	500
2023	良	12	6-10-1	4	4	4	アドマイヤハダル	牡5	57.0	田辺裕信	7	40.5	11-11-11	33.1	栗	488
2023	良	12	6-10-1	5	6	7	ウインカーネリアン	牡6	57.0	三浦皇成	5	20.4	1-1-1	34.4	美	508
2023	良	12	6-10-1	6	3	3	ノースザワールド	牡5	57.0	横山和生	12	166.3	7-7-6	33.9	栗	468
2023	良	12	6-10-1	7	6	8	ジャスティンカフェ	牡5	57.0	横山典弘	3	5.3	12-12-12	33.2	栗	500
2023	良	12	6-10-1	8	2	2	エエヤン	牡3	56.0	Mデムー	6	21.1	3-4-4	34.3	美	488
2023	良	12	6-10-1	9	7	9	バラジ	牡4	57.0	横山武史	10	90.8	4-7-6	34.3	美	512
2023	良	12	6-10-1	10	5	5	バビット	牡6	57.0	内田博幸	9	83.8	2-2-2	35.0	栗	464
2023	良	12	6-10-1	11	8	12	デュガ	牡4	57.0	川田将雅	11	90.8	9-6-6	35.0	栗	506
2023	良	12	6-10-1	12	8	11	フェーングロッテン	牡4	57.0	松若風馬	8	54.0	7-2-3	35.6	栗	472
2022	良	10	3-9-4	1	3	3	サリオス	牡5	56.0	松山弘平	1	3.0	4-6-6	33.8	美	534
2022	良	10	3-9-4	2	8	9	ジャスティンカフェ	牡4	56.0	福永祐一	3	5.9	8-9-8	33.8	栗	498
2022	良	10	3-9-4	3	4	4	ダノンザキッド	牡4	56.0	戸崎圭太	4	6.7	4-3-3	34.3	栗	526
2022	良	10	3-9-4	4	5	5	レイパパレ	牝5	55.0	川田将雅	2	4.7	3-2-2	34.6	栗	440
2022	良	10	3-9-4	5	2	2	ノースブリッジ	牡4	56.0	岩田康誠	5	6.8	8-8-8	34.0	美	494
2022	良	10	3-9-4	6	6	6	ポタジェ	牡5	58.0	吉田隼人	7	12.9	4-3-5	34.5	栗	466
2022	良	10	3-9-4	7	7	7	キングストンボーイ	牡4	56.0	ルメール	8	15.7	7-6-6	34.6	美	504
2022	良	10	3-9-4	8	7	8	キングオブコージ	牡6	57.0	横山武史	9	57.9	2-3-3	35.2	栗	492
2022	良	10	3-9-4	9	8	10	ハッピーアワー	牡6	56.0	川又賢治	10	188.4	10-10-10	35.1	栗	446
2022	良	10	3-9-4	10	1	1	レッドベルオーブ	牡4	56.0	幸英明	6	12.4	1-1-1	36.5	栗	486
2021	良	13	1-7-5	1	1	1	シュネルマイスター	牡3	56.0	ルメール	1	2.6	11-12-10	33.0	美	482
2021	良	13	1-7-5	2	5	7	ダノンキングリー	牡5	58.0	川田将雅	2	2.7	12-5-5	33.7	美	458
2021	良	13	1-7-5	3	4	5	ポタジェ	牡4	56.0	吉田隼人	4	8.7	4-4-4	34.0	栗	472
2021	良	13	1-7-5	4	6	8	ダイワキャグニー	セ7	56.0	石橋脩	8	33.7	2-2-2	34.6	美	492
2021	良	13	1-7-5	5	7	11	カイザーミノル	牡5	56.0	横山典弘	12	45.0	3-3-3	34.4	栗	468
2021	良	13	1-7-5	6	2	2	サンレイポケット	牡6	56.0	鮫島克駿	9	35.9	8-10-10	33.5	栗	472
2021	良	13	1-7-5	7	6	9	ヴェロックス	牡5	56.0	浜中俊	7	32.6	8-8-9	33.8	栗	482
2021	良	13	1-7-5	8	8	12	ヴァンドギャルド	牡5	57.0	福永祐一	3	7.8	6-6-7	34.1	栗	
2021	良	13	1-7-5	9	7	10	ケイデンスコール	牡5	57.0	岩田康誠	5	16.6	5-6-6	34.6	栗	474
2021	良	13	1-7-5	10	5	6	カデナ	牡7	56.0	田辺裕信	10	39.4	13-13-13	33.8	栗	476
2021	良	13	1-7-5	11	8	13	トーラスジェミニ	牡5	56.0	丸山元気	6	27.7	1-1-1	35.7	美	472
2021	良	13	1-7-5	12	4	4	マイネルファンロン	牡6	56.0	横山武史	13	61.5	10-10-10	34.3	美	472
2021	良	13	1-7-5	13	3	3	ラストドラフト	牡5	56.0	三浦皇成	11	40.0	7-8-8	34.6	美	468
2020	稍重	11	9-5-7	1	7	9	サリオス	牡3	54.0	ルメール	1	1.3	4-4-4	34.1	美	538
2020	稍重	11	9-5-7	2	5	5	ダイワキャグニー	セ6	56.0	内田博幸	4	10.6	3-3-3	34.9	美	498
2020	稍重	11	9-5-7	3	6	7	サンレイポケット	牡5	56.0	荻野極	5	18.9	5-5-5	34.4	栗	472
2020	稍重	11	9-5-7	4	8	10	カデナ	牡6	56.0	三浦皇成	6	25.0	8-7-7	34.2	栗	476
2020	稍重	11	9-5-7	5	4	4	ザダル	牡4	56.0	田辺裕信	3	8.5	5-6-5	34.5	美	492
2020	稍重	11	9-5-7	6	6	6	トーラスジェミニ	牡4	56.0	木幡育也	8	47.4	1-1-1	36.5	美	480
2020	稍重	11	9-5-7	7	1	1	コントラチェック	牝4	54.0	丸山元気	7	35.4	2-2-2	36.4	美	470
2020	稍重	11	9-5-7	8	2	2	ワンダープチュック	牡6	56.0	柴田大知	10	132.7	9-9-10	34.8	栗	512
2020	稍重	11	9-5-7	9	3	3	アイスストーム	牡5	56.0	石橋脩	9	77.7	7-7-8	35.1	栗	518
2020	稍重	11	9-5-7	10	7	8	サトノインプレッサ	牡3	54.0	戸崎圭太	2	8.2	9-9-9	35.1	栗	484
2020	稍重	11	9-5-7	11	8	11	カイザーメランジェ	牡5	56.0	武藤雅	11	328.3	11-11-11	37.6	美	488
2019	良	10	9-3-4	1	8	9	ダノンキングリー	牡3	54.0	戸崎圭太	1	1.6	10-10-9	33.4	美	454
2019	良	10	9-3-4	2	3	3	アエロリット	牝5	55.0	津村明秀	2	4.0	1-1-1	34.5	美	516
2019	良	10	9-3-4	3	4	4	インディチャンプ	牡4	58.0	福永祐一	3	5.0	2-2-2	34.4	栗	476
2019	良	10	9-3-4	4	6	6	ペルシアンナイト	牡5	57.0	シュタル	4	13.0	6-4-4	34.3	栗	492
2019	良	10	9-3-4	5	5	5	ランフォザローゼス	牡3	54.0	北村宏司	8	98.4	7-7-7	34.2	美	490
2019	良	10	9-3-4	6	8	10	モズアスコット	牡5	57.0	内田博幸	5	22.5	7-9-9	34.0	栗	498
2019	良	10	9-3-4	7	2	2	ギベオン	牡4	56.0	岩田望来	6	27.1	3-6-4	34.3	栗	506
2019	良	10	9-3-4	8	7	8	ハッピーグリン	牡4	56.0	服部茂史	10	173.8	7-7-7	34.7	招	456
2019	良	10	9-3-4	9	1	1	ケイアイノーテック	牡4	57.0	幸英明	7	34.3	3-2-2	35.4	栗	470
2019	良	10	9-3-4	10	7	7	マイネルファンロン	牡4	56.0	柴田大知	9	139.7	3-4-4	36.1	美	470
2018	良	13	9-5-1	1	6	9	アエロリット	牝4	55.0	モレイラ	1	2.3	1-1-1	33.8	美	508
2018	良	13	9-5-1	2	4	5	ステルヴィオ	牡3	55.0	ルメール	3	5.3	6-8-8	33.2	美	468
2018	良	13	9-5-1	3	1	1	キセキ	牡4	58.0	川田将雅	6	15.8	2-2-2	33.9	栗	504
2018	良	13	9-5-1	4	3	3	ステファノス	牡7	56.0	福永祐一	8	38.4	2-3-3	33.7	栗	482
2018	良	13	9-5-1	5	2	2	ケイアイノーテック	牡3	56.0	藤岡佑介	4	7.5	8-6-5	33.6	栗	466
2018	良	13	9-5-1	6	4	4	サトノアーサー	牡4	56.0	戸崎圭太	2	4.7	9-9-8	33.6	栗	484
2018	良	13	9-5-1	7	5	7	ダイワキャグニー	牡4	56.0	横山典弘	5	8.5	5-6-5	33.9	美	494
2018	良	13	9-5-1	8	7	10	スズカデヴィアス	牡7	56.0	三浦皇成	11	98.2	10-11-11	33.4	栗	506
2018	良	13	9-5-1	9	7	11	サウンズオブアース	牡7	56.0	田辺裕信	10	53.3	12-12-11	33.5	栗	492
2018	良	13	9-5-1	10	5	6	サンマルティン	セ6	56.0	池添謙一	7	32.1	11-9-8	34.4	美	498
2018	良	13	9-5-1	11	6	8	アクションスター	牡8	56.0	大野拓弥	13	467.0	13-12-13	34.6	美	470
2018	良	13	9-5-1	12	8	12	カツジ	牡3	55.0	松山弘平	9	42.0	6-5-5	35.5	栗	482
2018	良	13	9-5-1	13	8	13	レアリスタ	牡6	56.0	石橋脩	12	254.7	2-3-3	36.7	美	476
2017	良	12	8-12-7	1	6	8	リアルスティール	牡5	57.0	Mデムー	3	5.8	7-7-7	32.8	栗	506
2017	良	12	8-12-7	2	8	12	サトノアラジン	牡6	58.0	川田将雅	5	8.7	9-8-8	32.6	栗	532
2017	良	12	8-12-7	3	6	7	グレーターロンドン	牡5	56.0	田辺裕信	4	6.9	9-10-10	32.6	美	474
2017	良	12	8-12-7	4	3	3	ダイワキャグニー	牡3	54.0	北村宏司	7	27.7	2-2-2	33.7	美	486
2017	良	12	8-12-7	5	7	9	ヤングマンパワー	牡5	56.0	石橋脩	8	58.7	4-3-3	33.7	美	524
2017	良	12	8-12-7	6	2	2	マカヒキ	牡4	57.0	内田博幸	2	5.6	5-6-6	33.3	栗	502
2017	良	12	8-12-7	7	7	10	ワンアンドオンリー	牡6	57.0	横山典弘	10	105.8	7-8-8	33.0	栗	492
2017	良	12	8-12-7	8	1	1	ソウルスターリング	牝3	53.0	ルメール	1	2.0	1-1-1	34.0	美	480
2017	良	12	8-12-7	9	5	5	ヒストリカル	牡8	56.0	田中勝春	11	190.0	11-11-11	32.6	栗	460
2017	良	12	8-12-7	10	8	11	ウインブライト	牡3	55.0	松岡正海	9	87.3	5-5-5	33.7	美	468
2017	良	12	8-12-7	11	4	4	アストラエンブレム	牡4	56.0	戸崎圭太	6	13.9	12-12-12	32.8	美	470
2017	良	12	8-12-7	12	5	6	マッチレスヒーロー	牡6	56.0	吉田隼人	12	393.0	2-3-4	35.3	美	488
2016	稍重	12	10-7-1	1	7	10	ルージュバック	牝4	54.0	戸崎圭太	1	3.3	10-11-11	33.4	美	454
2016	稍重	12	10-7-1	2	6	7	アンビシャス	牡4	57.0	ルメール	3	4.5	9-9-9	33.6	栗	474
2016	稍重	12	10-7-1	3	1	1	ヒストリカル	牡7	56.0	横山典弘	11	75.3	12-12-12	33.6	栗	452
2016	稍重	12	10-7-1	4	4	4	ロンギングダンサー	牡7	56.0	吉田豊	12	124.5	11-9-9	34.3	美	486
2016	稍重	12	10-7-1	5	2	2	ステファノス	牡5	56.0	川田将雅	2	4.2	6-5-6	34.6	栗	486
2016	稍重	12	10-7-1	6	5	5	ディサイファ	牡7	57.0	武豊	4	7.1	3-3-3	34.9	美	506
2016	稍重	12	10-7-1	7	8	11	ウインフルブルーム	牡5	56.0	柴田大知	6	10.6	2-2-2	35.2	栗	514
2016	稍重	12	10-7-1	8	7	9	ロゴタイプ	牡6	58.0	田辺裕信	5	8.1	3-3-3	35.1	美	502
2016	稍重	12	10-7-1	9	6	8	ダノンシャーク	牡8	57.0	柴田善臣	10	50.2	6-5-5	34.9	栗	450
2016	稍重	12	10-7-1	10	3	3	クラレント	牡7	56.0	小牧太	9	48.7	6-5-6	35.0	栗	502
2016	稍重	12	10-7-1	11	5	6	マイネルミラノ	牡6	56.0	丹内祐次	7	20.2	1-1-1	35.8	美	480
2016	稍重	12	10-7-1	11	8	12	ロサギガンティア	牡5	57.0	北村宏司	8	29.9	3-5-6	35.1	美	534
