horse	date	kaisai	weather	R	race	heads	waku	umaban	odds	ninki	rank	jockey	kinryo	course	baba	babaidx	time	margin	timeidx	pass	pace	agari	weight	winner	prize
アドマイヤクワッズ	2026/05/10	2東京6	晴	11	NHKマイルC(GI)	18	6	11	9.7	6	3	坂井瑠星	57	芝1600	良	-25	1:31.7	0.2	105	7-7	33.7-34.6	34.2	478(-4)	ロデオドライブ	3,354.6
アドマイヤクワッズ	2026/04/19	3中山8	晴	11	皐月賞(GI)	18	8	17	17.4	7	15	坂井瑠星	57	芝2000	良	**	1:57.9	1.4	**	3-3-3-3	35.1-34.2	35.4	482(+2)	ロブチェン	
アドマイヤクワッズ	2026/03/08	2中山4	晴	11	報知弥生ディープ記念(GII)	10	6	6	2.2	1	3	坂井瑠星	57	芝2000	良	**	2:00.3	0.1	**	3-3-3-2	35.5-35.9	35.6	480(+2)	バステール	1,410.4
アドマイヤクワッズ	2025/12/21	5阪神6	小雨	11	朝日フューチュリティ(GI)	14	7	12	3.1	1	3	坂井瑠星	56	芝1600	重	**	1:33.5	0.3	**	11-8	34.6-35.0	34.6	478(0)	カヴァレリッツォ	1,814.8
アドマイヤクワッズ	2025/11/15	4京都3	晴	11	デイリー杯2歳S(GII)	8	6	6	2.6	1	1	坂井瑠星	56	芝1600	良	**	1:33.1	0.0	**	6-7	34.5-34.5	34.0	478(+6)	(カヴァレリッツォ)	3,830.8
アドマイヤクワッズ	2025/10/18	4東京6	晴	5	2歳新馬	16	4	7	3.4	1	1	坂井瑠星	56	芝1600	良	**	1:34.1	-0.1	**	9-9	35.9-34.0	33.3	472(0)	(スペルーチェ)	
ヴィンセンシオ	2026/02/08	1小倉6	曇	11	小倉日経賞(OP)	12	2	2	3.4	1	9	吉田隼人	56	芝2000	良	-5	2:01.2	1.8	83	4-4-3-3	36.1-35.1	36.4	512(+10)	レーゼドラマ	
ヴィンセンシオ	2025/12/13	5中京3	晴	11	中日新聞杯(GIII)	18	7	15	14.1	6	9	杉原誠人	56	芝2000	良	**	1:58.3	0.7	**	3-3-3-3	35.1-34.1	34.5	502(-12)	シェイクユアハート	
ヴィンセンシオ	2025/08/10	2新潟6	雨	7	レパードS(GIII)	15	6	10	4.7	1	7	ルメール	57	ダ1800	不	**	1:51.5	1.0	**	9-11-10-9	35.8-36.9	37.0	514(+8)	ドンインザムード	
ヴィンセンシオ	2025/04/20	3中山8	曇	11	皐月賞(GI)	18	7	15	19.8	6	9	ルメール	57	芝2000	良	**	1:57.9	0.9	**	14-14-13-13	34.5-34.8	34.7	506(-10)	ミュージアムマイル	
ヴィンセンシオ	2025/03/09	2中山4	晴	11	報知弥生ディープ記念(GII)	14	3	3	4.5	2	2	ルメール	57	芝2000	稍	**	2:01.3	0.0	**	1-1-2-2	35.9-37.2	36.9	516(+10)	ファウストラーゼン	2,228.0
ヴィンセンシオ	2024/11/30	5中山1	晴	9	葉牡丹賞(1勝クラス)	12	2	2	5.5	3	1	ビュイッ	56	芝2000	良	**	1:58.8	0.0	**	6-6-6-6	34.3-35.3	34.7	506(+14)	(ゲルチュタール)	1,095.9
ヴィンセンシオ	2024/08/31	3新潟7	曇	5	2歳新馬	7	6	6	1.4	1	1	ルメール	55	芝2000	良	**	2:08.4	0.0	**	2-2-2-2	39.6-35.2	35.2	492(0)	(キャピタルリッチ)	
エルトンバローズ	2026/07/26	2新潟2	雨	7	関屋記念(GIII)	14	5	7	8.9	3	5	コレット	59	芝1600	不	-13	1:33.7	1.3	85	12-13	34.0-34.3	34.8	520(0)	アンパドゥ	410.0
エルトンバローズ	2026/06/21	3阪神6	晴	11	しらさぎS(GIII)	18	5	10	12.9	7	1	松若風馬	58	芝1600	稍	**	1:33.2	-0.1	**	8-7	34.6-35.0	34.2	520(-2)	(キープカルム)	4,164.4
エルトンバローズ	2026/04/26	3京都2	曇	11	読売マイラーズC(GII)	18	8	17	12.1	6	8	西村淳也	57	芝1600	良	**	1:32.1	0.4	**	3-3	34.3-33.4	33.6	522(+4)	アドマイヤズーム	
エルトンバローズ	2026/02/10	1東京4	曇	11	東京新聞杯(GIII)	16	3	5	5.4	1	13	津村明秀	58	芝1600	良	**	1:33.0	0.8	**	7-7	34.7-34.0	34.2	518(+4)	トロヴァトーレ	
エルトンバローズ	2025/12/28	5中山8	晴	11	有馬記念(GI)	16	8	15	180.3	16	12	西村淳也	58	芝2500	良	**	2:32.6	1.1	**	7-7-7-7	29.7-35.6	36.1	514(-6)	ミュージアムマイル	
エルトンバローズ	2025/11/23	4京都6	晴	11	マイルチャンピオンS(GI)	18	5	9	67.2	12	5	西村淳也	58	芝1600	良	**	1:31.7	0.4	**	2-2	34.2-33.6	33.6	520(+4)	ジャンタルマンタル	1,800.0
エルトンバローズ	2025/10/05	4東京2	曇	11	毎日王冠(GII)	11	2	2	6.9	4	5	西村淳也	57	芝1800	良	**	1:44.5	0.5	**	5-3-3	34.8-33.7	33.8	516(-4)	レーベンスティール	670.0
エルトンバローズ	2025/08/17	3中京8	晴	7	中京記念(GIII)	12	3	3	3.4	1	8	川田将雅	58	芝1600	良	**	1:32.7	0.4	**	3-3-3	35.4-33.9	33.8	520(+2)	マピュース	
エルトンバローズ	2024/11/17	6京都6	曇	11	マイルチャンピオンS(GI)	17	8	17	18.9	7	2	西村淳也	58	芝1600	良	**	1:32.4	0.4	**	8-8	33.8-34.5	34.2	518(-2)	ソウルラッシュ	7,303.2
エルトンバローズ	2024/10/06	4東京2	曇	11	毎日王冠(GII)	14	8	14	8.3	5	3	西村淳也	58	芝1800	良	**	1:45.3	0.2	**	2-2-2	35.3-33.7	33.7	520(+4)	シックスペンス	1,714.2
エルトンバローズ	2024/07/21	3小倉8	晴	11	中京記念(GIII)	14	5	7	4.6	1	3	西村淳也	59	芝1800	良	**	1:47.3	0.1	**	6-6-6-2	34.3-37.3	36.8	516(-4)	アルナシーム	1,007.2
エルトンバローズ	2024/06/02	3東京2	小雨	11	安田記念(GI)	18	8	16	63.1	14	8	西村淳也	58	芝1600	稍	**	1:32.9	0.6	**	12-11	34.5-33.9	33.6	520(-3)	ロマンチックウォリアー	
エルトンバローズ	2024/04/28	シャティン			チャンピオンズマイル(GI)	11		8	22.0	5	8	西村淳也	57	芝1600	稍								523		
エルトンバローズ	2024/02/25	2中山2	小雨	11	中山記念(GII)	16	5	9	3.5	2	7	西村淳也	57	芝1800	稍	**	1:49.0	0.9	**	6-5-4-4	35.6-37.6	38.0	522(+8)	マテンロウスカイ	
エルトンバローズ	2023/11/19	3京都6	晴	11	マイルチャンピオンS(GI)	16	4	7	7.5	4	4	西村淳也	57	芝1600	良	**	1:32.7	0.2	**	6-8	34.3-34.3	33.9	514(+8)	ナミュール	2,700.0
エルトンバローズ	2023/10/08	4東京2	曇	11	毎日王冠(GII)	12	5	6	17.5	4	1	西村淳也	55	芝1800	良	**	1:45.3	0.0	**	4-4-4	36.0-34.1	33.8	506(+6)	(ソングライン)	6,785.4
エルトンバローズ	2023/07/02	2福島2	晴	11	ラジオNIKKEI賞(GIII)	16	3	6	8.3	3	1	西村淳也	55	芝1800	良	**	1:46.9	-0.1	**	4-3-3-3	35.5-35.2	34.9	500(-2)	(シルトホルン)	4,056.7
エルトンバローズ	2023/05/06	1京都5	曇	7	3歳1勝クラス	8	6	6	2.6	2	1	西村淳也	56	芝1600	良	**	1:33.6	-0.3	**	2-2	35.6-33.8	33.6	502(-6)	(シルヴァーデューク)	780.0
エルトンバローズ	2023/04/16	2阪神8	晴	3	3歳未勝利	18	3	6	3.6	2	1	西村淳也	56	芝1600	稍	**	1:33.7	-0.2	**	5-5	34.7-35.6	35.1	508(+4)	(サンライズプルート)	550.0
エルトンバローズ	2023/03/19	1阪神12	晴	5	3歳未勝利	17	3	5	3.7	2	2	ルメール	56	芝1800	稍	**	1:47.8	0.4	**	5-4	35.3-34.8	34.7	504(-6)	ソーダズリング	220.0
エルトンバローズ	2023/02/04	1中京11	晴	5	3歳未勝利	13	7	11	2.8	2	9	Ｍ．デム	56	芝2200	良	**	2:16.8	1.6	**	5-5-5-5	35.8-34.9	35.9	510(+2)	アドマイヤイル	
エルトンバローズ	2022/12/11	6阪神4	晴	3	2歳未勝利	15	6	10	2.3	1	2	岩田望来	55	芝1800	良	**	1:47.3	0.1	**	6-4	34.5-35.2	35.0	508(+6)	サトノグランツ	210.0
エルトンバローズ	2022/10/23	4阪神7	晴	5	2歳新馬	11	7	9	5.3	2	2	福永祐一	55	芝1800	良	**	1:48.6	0.3	**	11-10	35.9-34.2	33.7	502(0)	ドクタードリトル	
クルゼイロドスル	2026/09/05	4中山1	晴	11	京成杯オータムH(GIII)	16	1	1	71.7	13	10	小崎綾也	57	芝1600	良	-20	1:32.7	0.7	101	12-13-12	34.3-34.5	33.8	494(-8)	ピコローズ	
クルゼイロドスル	2026/08/22	3新潟1	晴	7	朱鷺S(L)	18	5	9	12.4	6	14	丸山元気	58	芝1400	良	**	1:20.9	0.7	**	11-11	33.7-34.9	34.5	502(0)	ショウナンザナドゥ	
クルゼイロドスル	2026/06/14	3東京4	曇	11	パラダイスS(L)	13	4	5	8.6	5	4	荻野極	57	芝1400	良	**	1:20.6	0.3	**	7-6	34.9-34.0	33.5	502(0)	マイネルチケット	410.0
クルゼイロドスル	2026/04/26	3京都2	曇	11	読売マイラーズC(GII)	18	2	4	70.6	12	14	太宰啓介	57	芝1600	良	**	1:32.2	0.5	**	15-16	34.3-33.4	32.9	502(-2)	アドマイヤズーム	
クルゼイロドスル	2026/01/24	1京都8	晴	11	睦月S(OP)	14	7	12	9.0	5	7	武豊	58	芝1600	良	**	1:34.5	0.4	**	12-13	35.8-34.8	32.6	504(-4)	レイベリング	
クルゼイロドスル	2026/01/04	1京都1	曇	11	スポニチ賞京都金杯(GIII)	18	8	16	25.7	9	7	武豊	57	芝1600	良	**	1:34.0	0.3	**	14-12	35.3-34.6	33.3	508(+18)	ブエナオンダ	
クルゼイロドスル	2025/08/09	2新潟5	晴	7	関越S(OP)	13	6	9	2.9	1	12	荻野極	57	芝1800	良	**	1:47.3	1.1	**	9-9	36.8-32.7	33.1	490(-2)	ウンブライル	
クルゼイロドスル	2025/06/14	3東京3	小雨	11	ジューンS(OP)	15	4	6	4.3	2	6	荻野極	58	芝1800	良	**	1:48.5	0.5	**	11-12-12	36.3-34.7	34.0	492(-4)	シルトホルン	
クルゼイロドスル	2025/05/10	2東京5	曇	11	エプソムC(GIII)	18	4	8	6.9	4	4	横山武史	57	芝1800	稍	**	1:44.4	0.5	**	8-6-6	34.2-35.1	35.0	496(-6)	セイウンハーデス	650.0
クルゼイロドスル	2025/03/02	2中山2	晴	11	中山記念(GII)	16	8	16	48.2	9	5	荻野極	57	芝1800	良	**	1:45.3	0.5	**	6-3-5-7	35.6-34.8	34.6	502(+2)	シックスペンス	670.0
クルゼイロドスル	2024/12/07	4中京3	曇	11	中日新聞杯(GIII)	18	8	16	54.8	13	7	ドイル	57	芝2000	良	**	1:59.4	1.0	**	8-8-11-12	35.3-35.6	35.4	500(+12)	デシエルト	
クルゼイロドスル	2024/10/19	4東京5	曇	11	富士S(GII)	17	5	10	26.5	8	8	横山武史	57	芝1600	良	**	1:32.7	0.6	**	14-12	34.2-34.0	33.4	488(-2)	ジュンブロッサム	
クルゼイロドスル	2024/07/27	2新潟1	曇	7	関越S(OP)	15	3	4	5.4	3	1	川田将雅	57	芝1800	良	**	1:44.0	-0.1	**	9-8	35.0-34.1	33.6	490(0)	(トゥデイイズザデイ)	2,431.5
クルゼイロドスル	2024/05/18	2東京9	晴	11	メイS(OP)	16	7	13	5.3	3	4	津村明秀	56	芝1800	良	**	1:45.4	0.3	**	6-3-3	35.7-34.2	34.2	490(+2)	プレサージュリフト	360.0
クルゼイロドスル	2024/03/30	3中山3	晴	11	ダービー卿チャレンジ(GIII)	16	7	13	9.0	6	12	津村明秀	56	芝1600	稍	**	1:34.3	1.4	**	12-13-13	35.5-35.1	34.4	488(-10)	パラレルヴィジョン	
クルゼイロドスル	2024/01/28	1東京2	曇	10	節分S(3勝クラス)	14	8	14	2.3	1	1	川田将雅	57	芝1600	良	**	1:32.5	-0.1	**	5-5	35.1-33.9	33.4	498(+6)	(ディオスバリエンテ)	1,870.8
クルゼイロドスル	2023/12/28	5中山9	晴	12	2023ファイナルS(3勝クラス)	16	5	10	3.8	1	2	Ｍ．デム	57	芝1600	良	**	1:33.2	0.0	**	2-1-1	34.9-35.5	35.5	492(+8)	ボルザコフスキー	749.8
クルゼイロドスル	2023/11/04	5東京1	晴	10	ノベンバーS(3勝クラス)	10	3	3	5.9	4	2	津村明秀	56	芝1800	良	**	1:46.3	0.0	**	3-3-3	35.9-33.7	33.2	484(+8)	クロミナンス	746.2
クルゼイロドスル	2023/09/30	4中山8	晴	11	秋風S(3勝クラス)	15	8	15	4.7	1	7	石橋脩	56	芝1600	良	**	1:34.4	0.8	**	2-2-1	34.2-36.1	36.9	476(+2)	ルージュエクレール	
クルゼイロドスル	2023/07/01	3中京1	曇	11	白川郷S(3勝クラス)	13	4	5	3.8	2	5	坂井瑠星	55	芝1600	重	**	1:34.5	0.4	**	8-9-9	35.1-35.5	35.1	474(0)	アスクコンナモンダ	184.0
クルゼイロドスル	2023/05/07	2東京6	雨	11	NHKマイルC(GI)	17	6	12			取	Ｍ．デム	57	芝1600	稍	**			**		34.3-35.4		計不	シャンパンカラー	
クルゼイロドスル	2023/01/05	1中山1	晴	10	ジュニアC(L)	13	8	13	3.5	2	1	Ｍ．デム	56	芝1600	良	**	1:33.7	-0.7	**	1-1-1	35.0-35.6	35.6	474(+6)	(ニシノライコウ)	2,031.5
クルゼイロドスル	2022/11/12	5阪神3	晴	11	デイリー杯2歳S(GII)	10	7	8	3.8	2	5	和田竜二	55	芝1600	良	**	1:33.7	0.5	**	5-3	35.3-34.2	34.5	468(+2)	オールパルフェ	380.0
クルゼイロドスル	2022/10/23	4東京7	晴	2	2歳未勝利	15	8	15	2.5	1	1	Ｍ．デム	55	芝1600	良	**	1:33.5	-0.2	**	8-8	34.9-34.5	33.8	466(+6)	(アサクサヴィーナス)	520.0
クルゼイロドスル	2022/07/30	2新潟1	晴	5	2歳新馬	12	7	10	31.0	7	2	幸英明	54	芝1600	良	**	1:36.3	0.5	**	2-2	38.2-32.0	32.4	460(0)	リバティアイランド	
サトノシャイニング	2026/08/16	2中京8	晴	7	中京記念(GIII)	16	6	12	2.7	1	3	コレット	57	芝1600	良	-22	1:31.3	0.2	113	8-7-6	34.8-34.2	33.7	504(+6)	ラヴァンダ	1,008.0
サトノシャイニング	2025/10/05	4東京2	曇	11	毎日王冠(GII)	11	8	10	2.4	1	3	武豊	55	芝1800	良	**	1:44.2	0.2	**	2-2-2	34.8-33.7	33.7	498(+2)	レーベンスティール	1,711.4
サトノシャイニング	2025/06/01	2東京12	晴	11	東京優駿(GI)	18	8	18	12.3	5	4	武豊	57	芝2400	良	**	2:24.1	0.4	**	2-2-2-2	35.7-34.8	34.7	496(0)	クロワデュノール	4,500.0
サトノシャイニング	2025/04/20	3中山8	曇	11	皐月賞(GI)	18	8	16	8.6	2	5	西村淳也	57	芝2000	良	**	1:57.4	0.4	**	9-10-8-7	34.5-34.8	34.5	496(+4)	ミュージアムマイル	2,000.0
サトノシャイニング	2025/02/09	1京都4	晴	11	きさらぎ賞(GIII)	10	8	10	2.7	1	1	西村淳也	57	芝1800	稍	**	1:47.0	-0.5	**	6-6	34.4-35.7	35.1	492(0)	(リンクスティップ)	4,136.4
サトノシャイニング	2024/11/16	5東京5	曇	11	東京スポーツ杯2歳S(GII)	9	8	9	5.7	3	2	松山弘平	56	芝1800	良	**	1:46.9	0.1	**	1-1-1	36.1-33.4	33.5	492(+2)	クロワデュノール	1,509.0
サトノシャイニング	2024/09/22	3中京7	小雨	5	2歳新馬	11	6	6	3.6	2	1	松山弘平	55	芝2000	良	**	2:04.3	-0.3	**	2-2-3-3	39.4-34.2	33.7	490(0)	(ミラージュナイト)	
シャンパンカラー	2026/06/07	3東京2	曇	11	安田記念(GI)	17	4	8	35.7	11	12	岩田康誠	58	芝1600	良	-23	1:33.1	1.0	93	11-12	34.5-34.2	33.6	512(-4)	シックスペンス	
シャンパンカラー	2026/04/26	3京都2	曇	11	読売マイラーズC(GII)	18	4	8	38.9	11	9	岩田康誠	58	芝1600	良	**	1:32.1	0.4	**	6-6	34.3-33.4	33.4	516(0)	アドマイヤズーム	
シャンパンカラー	2026/03/01	2中山2	晴	11	中山記念(GII)	14	8	14	21.8	7	10	岩田康誠	58	芝1800	良	**	1:45.8	0.7	**	9-10-10-9	36.3-34.4	33.9	516(0)	レーベンスティール	
シャンパンカラー	2026/02/10	1東京4	曇	11	東京新聞杯(GIII)	16	1	1	24.3	9	4	岩田康誠	59	芝1600	良	**	1:32.3	0.1	**	14-14	34.7-34.0	32.8	516(+6)	トロヴァトーレ	620.0
シャンパンカラー	2025/11/23	4京都6	晴	11	マイルチャンピオンS(GI)	18	1	2	121.9	14	14	坂井瑠星	58	芝1600	良	**	1:32.6	1.3	**	7-8	34.2-33.6	34.0	510(-6)	ジャンタルマンタル	
シャンパンカラー	2025/10/18	4東京6	曇	11	富士S(GII)	14	7	12	18.6	7	8	戸崎圭太	58	芝1600	良	**	1:32.5	0.8	**	14-13	35.1-33.4	33.1	516(+2)	ガイアフォース	
シャンパンカラー	2025/06/08	3東京2	曇	11	安田記念(GI)	18	5	9	73.9	14	6	内田博幸	58	芝1600	良	**	1:33.2	0.5	**	17-17	35.0-34.3	33.6	514(+2)	ジャンタルマンタル	
シャンパンカラー	2025/04/05	3中山3	晴	11	ダービー卿チャレンジ(GIII)	13	7	12	20.1	7	6	内田博幸	58.5	芝1600	良	**	1:32.7	0.3	**	9-12-13	34.9-34.5	33.9	512(-2)	トロヴァトーレ	
シャンパンカラー	2025/02/09	1東京4	晴	11	東京新聞杯(GIII)	16	2	3	80.7	11	7	内田博幸	59	芝1600	良	**	1:33.1	0.5	**	6-8	34.6-34.9	33.9	514(+4)	ウォーターリヒト	
シャンパンカラー	2024/12/21	7京都7	曇	11	阪神C(GII)	18	5	10	166.1	17	12	西村淳也	58	芝1400	良	**	1:20.7	0.6	**	6-6	34.5-34.4	34.2	510(+2)	ナムラクレア	
シャンパンカラー	2024/04/28	シャティン			チャンピオンズマイル(GI)	11		7	44.4	9	11	坂井瑠星	57	芝1600	稍								508		
シャンパンカラー	2024/03/24	1中京6	小雨	11	高松宮記念(GI)	18	5	9	66.8	14	17	吉田豊	58	芝1200	重	**	1:11.3	2.4	**	15-16	34.9-34.0	35.1	510(+2)	マッドクール	
シャンパンカラー	2024/02/18	1東京8	晴	11	フェブラリーS(GI)	16	1	2	61.3	14	16	内田博幸	58	ダ1600	良	**	1:38.4	2.7	**	6-6	33.9-37.8	40.0	508(+4)	ペプチドナイル	
シャンパンカラー	2023/06/04	3東京2	曇	11	安田記念(GI)	18	5	9	35.5	11	14	内田博幸	54	芝1600	良	**	1:32.6	1.2	**	6-5	34.2-33.8	34.5	504(+4)	ソングライン	
シャンパンカラー	2023/05/07	2東京6	雨	11	NHKマイルC(GI)	17	6	11	22.2	9	1	内田博幸	57	芝1600	稍	**	1:33.8	0.0	**	12-13	34.3-35.4	34.4	500(-4)	(ウンブライル)	13,378.0
シャンパンカラー	2023/04/08	3中山5	曇	11	ニュージーランドT(GII)	16	3	6	22.6	7	3	内田博幸	56	芝1600	稍	**	1:34.0	0.3	**	6-6-4	35.0-36.0	35.7	504(+2)	エエヤン	1,416.2
シャンパンカラー	2023/01/15	1中山6	曇	11	京成杯(GIII)	9	8	9	4.2	3	6	戸崎圭太	56	芝2000	良	**	2:03.0	0.8	**	2-2-2-2	37.6-35.4	35.8	502(0)	ソールオリエンス	
シャンパンカラー	2022/11/27	5東京8	晴	8	ベゴニア賞(1勝クラス)	10	8	9	5.8	3	1	戸崎圭太	55	芝1600	良	**	1:34.6	-0.1	**	1-1	36.1-33.9	33.9	502(0)	(ヒップホップソウル)	1,054.5
シャンパンカラー	2022/10/29	4東京8	晴	5	2歳新馬	15	5	8	3.2	1	1	戸崎圭太	55	芝1600	良	**	1:35.5	-0.2	**	8-8	36.4-33.9	33.4	502(0)	(リラックス)	
セイウンハーデス	2026/06/07	3東京2	曇	11	安田記念(GI)	17	7	13	11.0	6	4	幸英明	58	芝1600	良	-23	1:32.1	0.0	103	3-3	34.5-34.2	33.7	478(+4)	シックスペンス	2,700.0
セイウンハーデス	2026/04/05	2阪神4	晴	11	大阪杯(GI)	15	2	3	64.9	9	5	幸英明	58	芝2000	良	**	1:58.0	0.4	**	3-4-3-4	34.9-35.5	35.3	474(0)	クロワデュノール	3,000.0
セイウンハーデス	2026/03/01	2中山2	晴	11	中山記念(GII)	14	1	1	3.4	1	12	幸英明	57	芝1800	良	**	1:45.9	0.8	**	1-1-1-1	36.3-34.4	35.2	474(+2)	レーベンスティール	
セイウンハーデス	2025/11/30	5東京8	晴	12	ジャパンC(GI)	17	5	9	162.1	13	12	津村明秀	58	芝2400	良	**	2:22.6	2.3	**	1-1-1-1	34.5-34.6	36.9	472(0)	カランダガン	
セイウンハーデス	2025/11/02	4東京11	曇	11	天皇賞(秋)(GI)	14	7	12	27.7	10	7	菅原明良	58	芝2000	良	**	1:59.0	0.4	**	9-12-11	37.1-32.9	32.4	472(-10)	マスカレードボール	
セイウンハーデス	2025/05/10	2東京5	曇	11	エプソムC(GIII)	18	8	16	13.2	6	1	幸英明	57	芝1800	稍	**	1:43.9	-0.3	**	6-8-8	34.2-35.1	34.3	482(-6)	(ドゥラドーレス)	4,365.1
セイウンハーデス	2025/02/16	1京都6	曇	11	京都記念(GII)	12	8	11	8.4	4	8	幸英明	57	芝2200	稍	**	2:16.5	0.8	**	2-2-2-2	37.0-34.6	35.4	488(-2)	ヨーホーレイク	
セイウンハーデス	2024/11/30	7京都1	晴	11	チャレンジC(GIII)	15	6	11	16.5	9	5	幸英明	57	芝2000	良	**	1:59.1	0.9	**	3-3-4-1	34.7-35.4	36.1	490(+14)	ラヴェル	430.0
セイウンハーデス	2023/07/09	2福島4	曇	11	七夕賞(GIII)	16	8	15	5.2	2	1	幸英明	57	芝2000	良	**	1:59.8	-0.2	**	3-4-2-2	35.5-35.0	34.9	476(-2)	(ククナ)	4,356.7
セイウンハーデス	2023/05/07	1新潟4	雨	11	新潟大賞典(GIII)	16	3	6	4.8	2	2	津村明秀	56	芝2000	不	**	2:03.9	0.1	**	1-1	35.9-36.5	36.6	478(-2)	カラテ	1,716.6
セイウンハーデス	2023/04/09	2阪神6	晴	10	競馬法100周年記念(3勝クラス)	16	6	12	4.4	2	1	幸英明	57	芝2000	良	**	1:58.9	-0.2	**	3-3-5-5	37.0-34.9	34.5	480(+14)	(ハートオブアシティ)	1,874.3
セイウンハーデス	2022/10/23	4阪神7	晴	11	菊花賞(GI)	18	5	10	61.1	12	17	幸英明	57	芝3000	良	**	3:07.6	5.2	**	1-1-1-2	34.9-37.0	42.2	466(-8)	アスクビクターモア	
セイウンハーデス	2022/09/19	4中山5	曇	11	朝日セントライト記念(GII)	13	4	5	27.6	7	4	幸英明	56	芝2200	稍	**	2:12.7	0.9	**	2-2-2-2	35.4-35.3	36.0	474(+2)	ガイアフォース	810.0
セイウンハーデス	2022/05/29	2東京12	晴	11	東京優駿(GI)	18	1	2	150.0	16	11	幸英明	57	芝2400	良	**	2:23.9	2.0	**	6-7-4-5	35.1-35.2	36.4	472(+4)	ドウデュース	
セイウンハーデス	2022/05/07	2東京5	晴	11	プリンシパルS(L)	15	4	8	10.1	6	1	幸英明	56	芝2000	良	**	1:59.0	-0.1	**	4-5-3	35.7-34.8	34.5	468(-8)	(キングズパレス)	2,035.0
セイウンハーデス	2022/03/26	2阪神1	小雨	11	毎日杯(GIII)	10	3	3	37.1	7	4	幸英明	56	芝1800	稍	**	1:47.9	0.4	**	4-5	35.9-35.6	35.6	476(+4)	ピースオブエイト	600.0
セイウンハーデス	2022/02/13	1阪神2	雨	8	こぶし賞(1勝クラス)	6	3	3	8.3	4	2	幸英明	56	芝1600	稍	**	1:36.9	0.0	**	1-1	38.0-33.6	33.6	472(0)	スタニングローズ	414.8
セイウンハーデス	2021/12/05	6中京2	曇	9	こうやまき賞(1勝クラス)	9	8	8	10.9	5	5	幸英明	55	芝1600	良	**	1:35.6	0.3	**	3-4-4	36.3-35.2	35.2	472(+10)	ソリタリオ	101.0
セイウンハーデス	2021/10/31	4阪神8	曇	4	2歳新馬	16	6	11	2.6	1	1	幸英明	55	芝1400	良	**	1:22.9	-0.2	**	2-2	35.1-35.7	35.5	462(0)	(ベルシャンテ)	
ダノンエアズロック	2026/06/13	3東京3	晴	11	ジューンS(OP)	13	6	9	3.7	1	3	レーン	57	芝1800	良	-22	1:46.2	0.2	91	6-5-5	36.6-34.1	33.8	506(0)	カネラフィーナ	603.9
ダノンエアズロック	2026/03/15	2中山6	晴	10	東風S(L)	16	8	15	6.7	3	4	津村明秀	57	芝1600	良	**	1:32.2	0.2	**	2-3-3	34.4-34.7	34.3	506(-2)	ヴァルキリーバース	410.0
ダノンエアズロック	2026/01/12	1中山5	晴	11	ニューイヤーS(L)	14	1	1	3.6	2	2	津村明秀	57	芝1600	良	**	1:32.2	0.0	**	2-2-2	34.8-34.3	34.0	508(-4)	カピリナ	1,108.4
ダノンエアズロック	2025/12/13	5阪神3	晴	11	リゲルS(L)	13	2	2	24.3	6	3	ジェルー	57	芝1600	良	**	1:31.9	0.1	**	3-3	35.0-33.9	33.5	512(+10)	ランスオブカオス	684.3
ダノンエアズロック	2025/06/14	3東京3	小雨	11	ジューンS(OP)	15	3	5	3.1	1	5	レーン	57	芝1800	良	**	1:48.3	0.3	**	8-7-7	36.3-34.7	34.3	502(+4)	シルトホルン	240.0
ダノンエアズロック	2025/05/10	2東京5	曇	11	エプソムC(GIII)	18	8	17	5.5	2	6	レーン	57	芝1800	稍	**	1:44.7	0.8	**	6-6-6	34.2-35.1	35.3	498(-2)	セイウンハーデス	
ダノンエアズロック	2024/11/30	7京都1	晴	11	チャレンジC(GIII)	15	8	14	4.7	1	7	ムーア	55	芝2000	良	**	1:59.4	1.2	**	4-5-6-4	34.7-35.4	36.3	500(+2)	ラヴェル	
ダノンエアズロック	2024/10/06	4東京2	曇	11	毎日王冠(GII)	14	5	7	11.5	6	6	鮫島克駿	55	芝1800	良	**	1:45.4	0.3	**	5-5-6	35.3-33.7	33.3	498(+6)	シックスペンス	
ダノンエアズロック	2024/05/26	2東京12	晴	11	東京優駿(GI)	17	5	9	12.7	5	14	モレイラ	57	芝2400	良	**	2:25.6	1.3	**	8-9-12-9	36.3-33.8	34.1	492(0)	ダノンデサイル	
ダノンエアズロック	2024/05/04	2東京5	晴	11	プリンシパルS(L)	13	8	13	2.3	1	1	モレイラ	57	芝2000	良	**	1:59.6	-0.2	**	4-4-5	36.9-34.2	33.4	492(-12)	(メリオーレム)	2,028.7
ダノンエアズロック	2024/03/03	2中山4	晴	11	報知弥生ディープ記念(GII)	11	7	9	3.1	2	7	キング	57	芝2000	良	**	2:00.7	0.9	**	3-3-4-3	35.2-35.1	35.7	504(+18)	コスモキュランダ	
ダノンエアズロック	2023/10/21	4東京6	晴	9	アイビーS(L)	6	1	1	2.9	2	1	モレイラ	56	芝1800	良	**	1:48.2	-0.1	**	2-2-2	37.7-33.1	32.7	486(+20)	(ホウオウプロサンゲ)	1,713.3
ダノンエアズロック	2023/06/11	3東京4	小雨	5	2歳新馬	9	2	2	1.4	1	1	レーン	55	芝1800	稍	**	1:48.1	-0.2	**	1-2-2	36.3-35.2	35.2	466(0)	(ピースヒロフェイス)	
ドラゴンブースト	2026/06/07	3東京2	曇	11	安田記念(GI)	17	8	15	47.2	13	8	丹内祐次	58	芝1600	良	-23	1:32.7	0.6	97	11-11	34.5-34.2	33.4	476(+2)	シックスペンス	
ドラゴンブースト	2026/04/26	3京都2	曇	11	読売マイラーズC(GII)	18	1	1	20.4	9	2	丹内祐次	57	芝1600	良	**	1:31.8	0.1	**	6-8	34.3-33.4	33.0	474(-6)	アドマイヤズーム	2,436.4
ドラゴンブースト	2026/03/08	1阪神6	晴	11	大阪城S(L)	13	2	2	8.8	7	1	岩田望来	58	芝1800	良	**	1:44.0	-0.1	**	7-7	34.3-34.7	33.9	480(-8)	(サブマリーナ)	2,828.7
ドラゴンブースト	2026/02/07	2京都3	曇	11	アルデバランS(OP)	16	3	6	18.5	9	16	吉村誠之	57	ダ1900	良	**	2:05.9	7.6	**	2-2-4-16	29.1-37.9	44.9	488(+2)	ゼットリアン	
ドラゴンブースト	2025/12/21	5中山6	曇	11	ディセンバーS(L)	16	2	3	7.3	4	1	丹内祐次	56	芝1800	重	**	1:47.4	0.0	**	1-1-1-1	36.7-35.2	35.2	486(+16)	(グランディア)	2,834.3
ドラゴンブースト	2025/06/01	2東京12	晴	11	東京優駿(GI)	18	2	4	298.5	18	15	丹内祐次	57	芝2400	良	**	2:25.9	2.2	**	16-16-16-16	35.7-34.8	34.7	470(-6)	クロワデュノール	
ドラゴンブースト	2025/04/20	3中山8	曇	11	皐月賞(GI)	18	6	12	244.6	17	17	丹内祐次	57	芝2000	良	**	1:58.6	1.6	**	6-6-6-7	34.5-34.8	36.0	476(+6)	ミュージアムマイル	
ドラゴンブースト	2025/01/19	1中山7	小雨	11	京成杯(GIII)	14	7	12	17.3	7	2	丹内祐次	57	芝2000	良	**	2:00.0	0.1	**	8-8-7-2	35.0-36.8	36.0	470(-2)	ニシノエージェント	1,614.2
ドラゴンブースト	2024/12/15	7京都6	晴	11	朝日フューチュリティ(GI)	16	8	15	83.9	10	7	田口貫太	56	芝1600	良	**	1:35.4	1.3	**	5-4	35.4-33.7	34.9	472(+6)	アドマイヤズーム	
ドラゴンブースト	2024/11/09	6京都3	晴	11	デイリー杯2歳S(GII)	7	6	6	4.0	3	2	田口貫太	56	芝1600	良	**	1:34.8	0.1	**	2-2	36.0-34.1	34.0	466(-2)	ランフォーヴァウ	1,507.6
ドラゴンブースト	2024/10/12	5京都3	晴	3	2歳未勝利	16	4	8	20.5	8	1	田口貫太	55	芝1600	良	**	1:34.4	-0.1	**	5-3	34.7-35.6	35.3	468(+10)	(ブーディガ)	550.0
ドラゴンブースト	2024/09/21	3中京6	晴	5	2歳新馬	14	1	1	38.1	11	7	田口貫太	54	芝1600	良	**	1:36.5	0.6	**	13-13-10	36.0-34.7	34.2	458(0)	ザラタン	
ビーアストニッシド	2026/08/22	3新潟1	晴	7	朱鷺S(L)	18	2	4	317.2	18	13	西村太一	58	芝1400	良	-16	1:20.7	0.5	91	15-16	33.7-34.9	34.1	476(-2)	ショウナンザナドゥ	
ビーアストニッシド	2026/05/31	3京都12	晴	10	安土城S(L)	17	5	9	118.8	17	16	西村太一	55	芝1400	良	**	1:21.4	1.5	**	14-14	35.3-33.1	33.1	478(+4)	エコロブルーム	
ビーアストニッシド	2026/05/10	1新潟4	晴	11	谷川岳S(L)	14	3	4	171.0	14	7	西村太一	58	芝1400	良	**	1:21.6	0.5	**	12-10	34.1-35.3	34.5	474(-10)	ランフォーヴァウ	
ビーアストニッシド	2026/02/22	1小倉10	晴	11	小倉大賞典(GIII)	16	1	2	126.5	15	13	西村太一	55	芝1800	良	**	1:46.6	1.4	**	10-10-11-14	35.4-35.1	35.5	484(+6)	タガノデュード	
ビーアストニッシド	2025/12/21	5中山6	曇	11	ディセンバーS(L)	16	7	14	133.7	13	7	西村太一	58	芝1800	重	**	1:48.4	1.0	**	9-9-9-7	36.7-35.2	35.5	478(+6)	ドラゴンブースト	
ビーアストニッシド	2025/09/28	4阪神9	曇	11	ポートアイランドS(L)	12	6	8	50.9	11	11	西村太一	58	芝1600	良	**	1:34.1	1.1	**	8-8	34.9-34.2	34.5	472(-4)	ヤマニンサンパ	
ビーアストニッシド	2025/05/10	2東京5	曇	11	エプソムC(GIII)	18	8	18	387.2	18	17	西村太一	58	芝1800	稍	**	1:47.1	3.2	**	2-4-4	34.2-35.1	37.9	476(0)	セイウンハーデス	
ビーアストニッシド	2025/04/27	2京都2	晴	11	読売マイラーズC(GII)	10	4	4	35.9	8	9	西村太一	57	芝1600	良	**	1:33.6	1.9	**	1-1	35.0-33.9	35.8	476(-4)	ロングラン	
ビーアストニッシド	2025/03/16	2中山6	雨	10	東風S(L)	12	8	11	22.6	7	8	西村太一	58	芝1600	重	**	1:38.1	0.9	**	4-6-3	35.0-38.4	38.9	480(+4)	サイルーン	
ビーアストニッシド	2025/01/13	1中山5	晴	11	ニューイヤーS(L)	16	7	14	58.8	11	9	西村太一	58	芝1600	良	**	1:33.1	0.8	**	2-2-2	34.5-34.9	35.6	476(-6)	トロヴァトーレ	
ビーアストニッシド	2024/12/15	5中山6	晴	11	ディセンバーS(L)	16	2	4	67.8	12	6	西村太一	58	芝1800	良	**	1:45.9	0.7	**	2-2-2-2	35.8-34.9	35.4	482(-2)	エコロヴァルツ	
ビーアストニッシド	2024/06/15	4京都5	曇	11	米子S(L)	16	6	12	70.8	12	12	和田竜二	58	芝1600	良	**	1:32.3	0.8	**	11-10	34.6-33.5	33.5	484(+4)	トゥードジボン	
ビーアストニッシド	2024/05/26	3京都12	晴	10	安土城S(L)	18	4	7	5.7	3	17	和田竜二	57	芝1400	良	**	1:21.7	0.7	**	13-13	36.0-33.2	33.2	480(+4)	エイシンスポッター	
ビーアストニッシド	2024/04/21	3京都2	小雨	11	読売マイラーズC(GII)	17	3	6	158.2	16	6	和田竜二	57	芝1600	稍	**	1:33.5	1.0	**	6-6	34.1-35.4	35.8	476(-4)	ソウルラッシュ	
ビーアストニッシド	2024/03/24	2阪神2	曇	11	六甲S(L)	15	1	1	15.0	7	12	国分恭介	58	芝1600	重	**	1:35.0	0.7	**	2-1	34.4-35.1	35.8	480(-10)	ボルザコフスキー	
ビーアストニッシド	2024/03/09	1阪神5	曇	11	コーラルS(L)	16	3	6	22.6	8	9	小崎綾也	57	ダ1400	良	**	1:24.4	0.6	**	12-12	34.4-37.5	37.1	490(-2)	レディバグ	
ビーアストニッシド	2023/12/09	5阪神3	曇	11	リゲルS(L)	13	4	5	11.7	5	5	岩田康誠	58	芝1600	良	**	1:33.5	0.5	**	4-3	35.5-33.4	33.6	492(+2)	マテンロウスカイ	270.0
ビーアストニッシド	2023/11/19	3京都6	晴	11	マイルチャンピオンS(GI)	16	1	2	299.8	16	11	和田竜二	58	芝1600	良	**	1:33.8	1.3	**	9-8	34.3-34.3	35.1	490(+2)	ナミュール	
ビーアストニッシド	2023/10/29	2京都9	晴	11	カシオペアS(L)	16	2	3	15.0	9	10	田中健	58	芝1800	良	**	1:45.2	0.5	**	3-3	34.3-35.4	35.1	488(+2)	アルナシーム	
ビーアストニッシド	2023/05/28	1京都12	晴	10	安土城S(L)	18	7	15	3.8	2	2	岩田康誠	57	芝1400	良	**	1:19.5	0.5	**	12-11	34.4-33.3	32.8	486(+6)	ママコチャ	1,111.0
ビーアストニッシド	2023/04/23	1京都2	晴	11	読売マイラーズC(GII)	15	6	11	53.5	10	6	岩田康誠	57	芝1600	良	**	1:31.8	0.3	**	2-2	34.4-34.1	34.1	480(+2)	シュネルマイスター	
ビーアストニッシド	2022/12/03	6阪神1	晴	11	チャレンジC(GIII)	14	4	5	11.3	6	8	岩田康誠	56	芝2000	良	**	1:58.6	1.1	**	3-3-3-3	34.8-36.0	36.3	478(+12)	ソーヴァリアント	
ビーアストニッシド	2022/10/23	4阪神7	晴	11	菊花賞(GI)	18	3	6	123.7	15	13	岩田康誠	57	芝3000	良	**	3:05.6	3.2	**	4-3-3-2	34.9-37.0	39.8	466(+10)	アスクビクターモア	
ビーアストニッシド	2022/09/25	5中京7	晴	11	神戸新聞杯(GII)	17	7	13	27.0	10	9	岩田康誠	56	芝2200	良	**	2:12.3	1.2	**	10-10-8-7	34.7-34.7	35.2	456(-6)	ジャスティンパレス	
ビーアストニッシド	2022/05/29	2東京12	晴	11	東京優駿(GI)	18	4	8	182.3	17	10	和田竜二	57	芝2400	良	**	2:23.5	1.6	**	4-3-3-3	35.1-35.2	36.2	462(-6)	ドウデュース	
ビーアストニッシド	2022/04/17	3中山8	曇	11	皐月賞(GI)	18	7	13	72.7	13	11	和田竜二	57	芝2000	良	**	2:00.5	0.8	**	3-3-4-3	35.2-34.9	35.2	468(-4)	ジオグリフ	
ビーアストニッシド	2022/03/20	2中山7	曇	11	フジTVスプリングS(GII)	13	1	1	7.0	5	1	岩田康誠	56	芝1800	稍	**	1:48.4	0.0	**	1-1-1-1	36.7-35.3	35.3	472(+2)	(アライバル)	5,493.8
ビーアストニッシド	2022/02/13	1東京6	雨	11	共同通信杯(GIII)	11	7	8	29.8	8	3	岩田康誠	56	芝1800	稍	**	1:48.3	0.4	**	1-1-1	36.1-34.3	34.7	470(+4)	ダノンベルーガ	1,005.9
ビーアストニッシド	2022/01/09	1中京3	晴	11	日刊スポシンザン記念(GIII)	15	1	1	12.2	5	4	岩田康誠	56	芝1600	良	**	1:34.4	0.3	**	5-7-6	35.2-35.1	34.9	466(0)	マテンロウオリオン	600.0
ビーアストニッシド	2021/11/27	5阪神7	曇	11	ラジオN杯京都2歳S(GIII)	10	3	3	70.7	9	2	岩田康誠	55	芝2000	良	**	2:03.4	0.1	**	1-1-1-1	37.5-35.7	35.8	466(+2)	ジャスティンロック	1,310.2
ビーアストニッシド	2021/10/30	4阪神7	晴	2	2歳未勝利	10	7	8	17.1	5	1	岩田康誠	55	芝1600	良	**	1:35.4	-0.2	**	2-2	36.6-33.5	33.3	464(0)	(ソングフォーユー)	510.0
ビーアストニッシド	2021/10/03	5中京9	晴	5	2歳新馬	15	6	11	34.4	10	3	中井裕二	55	芝1600	良	**	1:35.4	0.2	**	2-1-1	36.3-35.3	35.5	464(0)	タナザウィング	
ホウオウビスケッツ	2026/08/16	1札幌8	晴	11	札幌記念(GII)	16	8	16	13.1	8	10	岩田康誠	58	芝2000	良	-22	1:59.5	1.3	97	1-1-1-1	34.2-35.1	36.4	504(-8)	シェイクユアハート	
ホウオウビスケッツ	2026/04/08	川崎	晴	11	川崎記念(JpnI)	11	4	4	10.5	5	11	岩田望来	57	ダ2100	稍	**	2:18.7	4.1	**	3-3-7-8	30.9-38.4	41.9	512(+10)	カゼノランナー	
ホウオウビスケッツ	2026/03/15	1中京2	晴	11	東海テレビ杯金鯱賞(GII)	14	8	13	7.3	4	12	岩田望来	57	芝2000	良	**	1:59.1	1.0	**	2-1-1-1	36.1-35.1	36.1	502(0)	シェイクユアハート	
ホウオウビスケッツ	2025/11/30	5東京8	晴	12	ジャパンC(GI)	17	3	6	166.8	14	16	岩田康誠	58	芝2400	良	**	2:23.8	3.5	**	2-2-2-2	34.5-34.6	37.7	502(-2)	カランダガン	
ホウオウビスケッツ	2025/11/02	4東京11	曇	11	天皇賞(秋)(GI)	14	5	8	14.6	7	13	岩田康誠	58	芝2000	良	**	1:59.2	0.6	**	2-2-2	37.1-32.9	33.5	504(-4)	マスカレードボール	
ホウオウビスケッツ	2025/10/05	4東京2	曇	11	毎日王冠(GII)	11	7	8	4.3	2	2	岩田康誠	57	芝1800	良	**	1:44.1	0.1	**	1-1-1	34.8-33.7	33.8	508(-6)	レーベンスティール	2,722.8
ホウオウビスケッツ	2025/08/17	1札幌8	曇	11	札幌記念(GII)	16	3	5	3.7	1	7	岩田康誠	58	芝2000	稍	**	2:02.3	0.8	**	3-3-3-3	36.1-36.9	37.1	514(+12)	トップナイフ	
ホウオウビスケッツ	2025/04/06	2阪神4	晴	11	大阪杯(GI)	15	2	2	9.1	5	5	岩田康誠	58	芝2000	良	**	1:56.6	0.4	**	2-2-2-2	34.9-35.1	34.8	502(-2)	ベラジオオペラ	3,000.0
ホウオウビスケッツ	2025/03/16	2中京2	小雨	11	東海テレビ杯金鯱賞(GII)	10	2	2	3.1	1	2	岩田康誠	57	芝2000	重	**	2:01.3	0.0	**	2-2-2-2	35.7-38.6	36.8	504(-2)	クイーンズウォーク	2,720.4
ホウオウビスケッツ	2025/01/05	1中山1	曇	11	日刊スポ賞中山金杯(GIII)	18	8	18	4.6	2	9	ドイル	59.5	芝2000	良	**	1:58.8	0.7	**	2-2-2-2	34.9-35.7	36.4	506(+4)	アルナシーム	
ホウオウビスケッツ	2024/10/27	4東京8	曇	11	天皇賞(秋)(GI)	15	5	9	48.1	8	3	岩田望来	58	芝2000	良	**	1:57.6	0.3	**	1-1-1	35.9-33.7	34.0	502(0)	ドウデュース	5,546.2
ホウオウビスケッツ	2024/10/06	4東京2	曇	11	毎日王冠(GII)	14	2	2	7.4	4	2	岩田康誠	57	芝1800	良	**	1:45.2	0.1	**	1-1-1	35.3-33.7	33.8	502(-4)	シックスペンス	2,728.4
ホウオウビスケッツ	2024/07/14	1函館12	晴	11	函館記念(GIII)	16	6	12	7.2	3	1	岩田康誠	57.5	芝2000	良	**	1:59.2	-0.6	**	2-2-2-2	35.4-35.7	35.3	506(-4)	(グランディア)	4,356.0
ホウオウビスケッツ	2024/06/30	1函館8	曇	11	巴賞(OP)	16	5	9	4.0	2	1	岩田康誠	57	芝1800	良	**	1:46.8	-0.3	**	1-1-1-1	35.4-35.1	35.1	510(-6)	(デビットバローズ)	2,433.6
ホウオウビスケッツ	2024/03/10	2中山6	晴	10	東風S(L)	14	7	11	2.5	1	3	岩田康誠	57	芝1600	良	**	1:33.7	0.3	**	2-2-2	34.6-35.8	35.6	516(+6)	ディオ	684.2
ホウオウビスケッツ	2024/02/04	1東京4	曇	11	東京新聞杯(GIII)	16	4	8	35.3	8	3	岩田康誠	57	芝1600	良	**	1:32.3	0.2	**	4-4	34.4-34.3	33.9	510(+6)	サクラトゥジュール	1,008.1
ホウオウビスケッツ	2023/12/09	4中京3	晴	11	中日新聞杯(GIII)	17	4	8	5.0	3	12	丸田恭介	56	芝2000	良	**	1:59.7	0.9	**	1-1-2-1	34.7-34.8	35.7	504(+8)	ヤマニンサルバム	
ホウオウビスケッツ	2023/05/28	2東京12	晴	11	東京優駿(GI)	18	2	3	287.2	16	6	丸田恭介	57	芝2400	良	**	2:25.4	0.2	**	2-2-2-2	35.3-35.3	34.0	496(+2)	タスティエーラ	
ホウオウビスケッツ	2023/04/16	3中山8	晴	11	皐月賞(GI)	18	5	9	17.7	7	17	横山和生	57	芝2000	重	**	2:03.7	3.1	**	5-6-6-4	35.1-37.2	39.6	494(0)	ソールオリエンス	
ホウオウビスケッツ	2023/03/19	2中山8	晴	11	フジTVスプリングS(GII)	16	5	10	5.5	3	2	横山和生	56	芝1800	重	**	1:49.1	0.2	**	3-3-2-2	35.4-37.2	36.9	494(-2)	ベラジオオペラ	2,232.0
ホウオウビスケッツ	2023/02/18	1東京7	晴	9	フリージア賞(1勝クラス)	10	6	6	26.5	7	1	横山和生	56	芝2000	良	**	1:59.3	-0.3	**	1-1-1	36.5-34.3	34.3	496(+8)	(サスツルギ)	1,093.1
ホウオウビスケッツ	2022/12/10	5中山3	晴	5	2歳新馬	15	2	4	13.0	4	1	横山和生	55	芝1600	良	**	1:34.9	-0.1	**	1-1-1	35.7-35.3	35.3	488(0)	(マルディランダ)	
ライヒスアドラー	2026/08/09	2新潟6	晴	6	佐渡S(3勝クラス)	13	1	1	1.2	1	1	佐々木大	55	芝1800	良	-21	1:44.8	-0.2	90	7-7	35.7-33.3	32.7	520(+6)	(カニキュル)	1,899.4
ライヒスアドラー	2026/05/31	2東京12	晴	11	東京優駿(GI)	18	1	1	11.7	5	8	佐々木大	57	芝2400	良	**	2:23.1	0.4	**	3-3-6-5	35.6-34.2	33.8	514(+4)	ロブチェン	
ライヒスアドラー	2026/04/19	3中山8	晴	11	皐月賞(GI)	18	5	9	23.4	9	3	佐々木大	57	芝2000	良	**	1:56.8	0.3	**	10-9-9-8	35.1-34.2	33.8	510(-2)	ロブチェン	5,350.1
ライヒスアドラー	2026/03/08	2中山4	晴	11	報知弥生ディープ記念(GII)	10	4	4	2.7	2	2	佐々木大	57	芝2000	良	**	2:00.3	0.1	**	5-5-5-5	35.5-35.9	35.4	512(0)	バステール	2,220.8
ライヒスアドラー	2025/11/24	5東京6	晴	11	東京スポーツ杯2歳S(GII)	12	4	4	4.1	2	3	佐々木大	56	芝1800	良	**	1:46.2	0.2	**	3-4-6	35.9-33.5	32.9	512(+2)	パントルナイーフ	956.3
ライヒスアドラー	2025/09/14	4中山4	曇	5	2歳新馬	10	6	6	2.3	1	1	佐々木大	55	芝1800	良	**	1:51.5	-0.6	**	2-2-2-2	40.0-33.2	33.1	510(0)	(アクアマーズ)	
ランスオブカオス	2026/07/26	2新潟2	雨	7	関屋記念(GIII)	14	7	12	10.3	5	13	石川裕紀	58	芝1600	不	-13	1:37.3	4.9	54	3-5	34.0-34.3	38.8	496(+2)	アンパドゥ	
ランスオブカオス	2026/04/26	3京都2	曇	11	読売マイラーズC(GII)	18	8	18	18.4	8	11	吉村誠之	57	芝1600	良	**	1:32.1	0.4	**	6-6	34.3-33.4	33.4	494(-6)	アドマイヤズーム	
ランスオブカオス	2026/03/15	2中山6	晴	10	東風S(L)	16	6	11	3.7	2	11	坂井瑠星	58	芝1600	良	**	1:32.7	0.7	**	2-2-2	34.4-34.7	34.9	500(-2)	ヴァルキリーバース	
ランスオブカオス	2026/01/04	1京都1	曇	11	スポニチ賞京都金杯(GIII)	18	1	1	2.4	1	5	吉村誠之	57.5	芝1600	良	**	1:33.9	0.2	**	8-8	35.3-34.6	33.7	502(0)	ブエナオンダ	430.0
ランスオブカオス	2025/12/13	5阪神3	晴	11	リゲルS(L)	13	7	10	2.3	1	1	吉村誠之	56	芝1600	良	**	1:31.8	-0.1	**	6-5	35.0-33.9	33.1	502(+10)	(ワールズエンド)	2,730.1
ランスオブカオス	2025/10/13	3京都5	晴	11	MBS賞スワンS(GII)	18	1	1	7.0	4	3	吉村誠之	55	芝1400	良	**	1:19.0	0.1	**	6-6	33.5-34.0	33.6	492(-2)	オフトレイル	1,518.2
ランスオブカオス	2025/05/11	2東京6	晴	11	NHKマイルC(GI)	18	3	5	8.8	4	5	吉村誠之	57	芝1600	良	**	1:32.0	0.3	**	4-6	33.4-35.3	35.0	494(-2)	パンジャタワー	1,300.0
ランスオブカオス	2025/04/05	2阪神3	晴	11	チャーチルダウンズC(GIII)	11	6	7	3.0	2	1	吉村誠之	57	芝1600	良	**	1:32.2	-0.3	**	2-5	34.4-34.2	33.9	496(-2)	(アルテヴェローチェ)	4,142.0
ランスオブカオス	2025/02/09	1京都4	晴	11	きさらぎ賞(GIII)	10	7	7	6.9	4	3	吉村誠之	57	芝1800	稍	**	1:47.5	0.5	**	6-6	34.4-35.7	35.6	498(0)	サトノシャイニング	1,005.2
ランスオブカオス	2024/12/15	7京都6	晴	11	朝日フューチュリティ(GI)	16	2	3	45.8	9	3	吉村誠之	56	芝1600	良	**	1:34.9	0.8	**	9-10	35.4-33.7	34.0	498(-4)	アドマイヤズーム	1,816.6
ランスオブカオス	2024/12/01	7京都2	晴	5	2歳新馬	9	7	7	4.3	2	1	吉村誠之	54	芝1400	良	**	1:22.5	-0.4	**	8-6	36.0-34.4	33.6	502(0)	(ジーティーエスピ)	
リアライズシリウス	2026/05/31	2東京12	晴	11	東京優駿(GI)	18	6	11	5.7	2	7	津村明秀	57	芝2400	良	-22	2:23.1	0.4	104	2-2-1-1	35.6-34.2	34.6	528(0)	ロブチェン	
リアライズシリウス	2026/04/19	3中山8	晴	11	皐月賞(GI)	18	7	15	6.2	4	2	津村明秀	57	芝2000	良	**	1:56.7	0.2	**	2-2-2-2	35.1-34.2	34.4	528(-2)	ロブチェン	8,700.2
リアライズシリウス	2026/02/15	1東京6	晴	11	共同通信杯(GIII)	9	5	5	3.7	2	1	津村明秀	57	芝1800	良	**	1:45.5	0.0	**	1-2-2	35.2-34.3	34.1	530(0)	(ベレシート)	4,132.9
リアライズシリウス	2025/12/21	5阪神6	小雨	11	朝日フューチュリティ(GI)	14	8	13	4.9	4	5	津村明秀	56	芝1600	重	**	1:34.0	0.8	**	4-4	34.6-35.0	35.4	530(+12)	カヴァレリッツォ	700.0
リアライズシリウス	2025/08/24	3新潟2	晴	11	新潟2歳S(GIII)	10	8	9	2.3	1	1	津村明秀	55	芝1600	良	**	1:33.4	-0.7	**	2-2	35.7-33.7	33.4	518(+6)	(タイセイボーグ)	3,135.7
リアライズシリウス	2025/06/15	3東京4	曇	5	2歳新馬	10	5	5	1.9	1	1	津村明秀	55	芝1600	稍	**	1:35.7	-1.2	**	1-1	36.4-34.8	34.8	512(0)	(カムアップローゼス)	
レイニング	2026/08/08	2新潟5	晴	7	関越S(OP)	16	1	1	4.0	2	4	戸崎圭太	56	芝1800	良	-20	1:45.3	0.3	89	7-7	35.5-32.7	32.4	462(-2)	エストゥペンダ	360.0
レイニング	2026/05/31	2東京12	晴	10	IFHA杯むらさき賞(3勝クラス)	17	6	12	3.9	2	1	レーン	57	芝1800	良	**	1:44.9	-0.1	**	2-5-5	36.0-33.6	33.2	464(-2)	(ジャサルディア)	1,909.2
レイニング	2026/04/26	3京都2	曇	10	センテニアルパークS(3勝クラス)	18	6	11	5.0	2	11	戸崎圭太	57	芝1800	良	**	1:44.3	0.6	**	15-15	33.9-34.3	34.0	466(-6)	イガッチ	
レイニング	2026/02/22	1東京8	晴	10	JCベストレース記念(3勝クラス)	14	3	3	3.0	2	2	ルメール	56	芝2000	良	**	1:58.8	0.2	**	9-10-11	36.2-34.9	33.5	472(+8)	サクラファレル	758.8
レイニング	2025/11/30	5東京8	晴	9	オリエンタル賞(2勝クラス)	9	7	7	3.3	2	1	ルメール	55	芝2000	良	**	1:58.4	-0.1	**	8-8-6	36.5-34.5	33.7	464(-6)	(ボウウィンドウ)	1,569.6
レイニング	2025/10/25	4東京8	雨	8	3歳以上1勝クラス	8	5	5	3.0	2	1	ルメール	56	芝2000	稍	**	2:01.5	-0.2	**	2-2-2	37.3-33.5	33.4	470(-2)	(リポサンテ)	800.0
レイニング	2025/08/23	3新潟1	晴	12	3歳以上1勝クラス	12	6	7	2.2	1	4	荻野極	55	芝1600	良	**	1:33.3	0.3	**	6-6	34.7-34.0	33.4	472(0)	ブルーベリーフィズ	120.0
レイニング	2025/05/04	2東京4	晴	11	プリンシパルS(L)	14	7	11	3.2	1	13	戸崎圭太	57	芝2000	良	**	2:03.7	4.4	**	4-5-5	36.4-34.7	38.2	472(+4)	レディネス	
レイニング	2024/11/03	5東京2	晴	5	2歳新馬	12	8	11	1.7	1	1	戸崎圭太	56	芝1800	良	**	1:50.3	-0.2	**	8-10-8	38.5-33.5	32.9	468(0)	(エルモフィオーレ)	
レガーロデルシエロ	2026/08/08	2新潟5	晴	7	関越S(OP)	16	4	7	5.2	3	12	津村明秀	56	芝1800	良	-20	1:45.5	0.5	87	9-9	35.5-32.7	32.5	518(+6)	エストゥペンダ	
レガーロデルシエロ	2026/06/13	3東京3	晴	11	ジューンS(OP)	13	1	1	5.7	4	4	大野拓弥	57	芝1800	良	**	1:46.3	0.3	**	11-7-7	36.6-34.1	33.7	512(0)	カネラフィーナ	360.0
レガーロデルシエロ	2026/05/09	2東京5	晴	11	エプソムC(GIII)	17	8	17	30.1	10	3	岩田康誠	57	芝1800	良	**	1:45.5	0.2	**	16-17-17	35.4-33.6	32.6	512(-4)	トロヴァトーレ	1,108.6
レガーロデルシエロ	2026/03/15	2中山6	晴	10	東風S(L)	16	8	16	35.6	8	3	岩田康誠	57	芝1600	良	**	1:32.2	0.2	**	10-10-9	34.4-34.7	33.5	516(-2)	ヴァルキリーバース	685.0
レガーロデルシエロ	2026/01/11	1中山4	曇	10	ポルックスS(OP)	16	6	12	18.3	10	9	戸崎圭太	57	ダ1800	良	**	1:54.2	1.1	**	7-7-6-7	37.8-38.0	38.6	518(+2)	カゼノランナー	
レガーロデルシエロ	2025/11/01	4東京10	晴	11	ペルセウスS(OP)	16	5	10	7.3	3	6	レーン	56	ダ1600	重	**	1:34.6	1.7	**	8-9	33.6-35.8	36.7	516(-10)	ジェイパームス	
レガーロデルシエロ	2025/07/27	2新潟2	晴	7	関屋記念(GIII)	18	2	4	9.0	6	7	戸崎圭太	56	芝1600	良	**	1:31.3	0.3	**	6-6	33.9-34.1	33.4	526(+8)	カナテープ	
レガーロデルシエロ	2025/05/17	1新潟5	曇	11	新潟大賞典(GIII)	16	6	12	4.9	1	10	戸崎圭太	56	芝2000	稍	**	2:01.4	0.9	**	12-11	36.4-34.6	34.7	518(-10)	シリウスコルト	
レガーロデルシエロ	2025/04/06	3中山4	晴	11	美浦S(3勝クラス)	16	3	6	3.4	1	1	荻野極	58	芝2000	良	**	1:59.6	-0.1	**	6-7-7-9	35.9-35.7	35.1	528(+14)	(ワイドアラジン)	1,873.6
レガーロデルシエロ	2024/11/02	5東京1	小雨	10	ノベンバーS(3勝クラス)	10	7	7	2.6	1	2	戸崎圭太	55	芝1800	稍	**	1:45.1	0.0	**	5-6-6	34.9-35.9	35.0	514(+4)	コントラポスト	746.2
レガーロデルシエロ	2024/07/20	2福島7	晴	10	白河特別(2勝クラス)	16	6	12	2.6	1	1	戸崎圭太	55	芝1800	良	**	1:48.0	0.0	**	9-9-8-6	36.1-35.5	34.8	510(0)	(ワザモノ)	1,585.7
レガーロデルシエロ	2024/05/19	2東京10	曇	5	3歳1勝クラス	11	5	5	1.9	1	1	ルメール	57	芝1600	良	**	1:34.4	-0.2	**	1-1	36.6-33.8	33.8	510(-8)	(グラヴィス)	780.0
レガーロデルシエロ	2024/03/16	2中山7	晴	6	3歳1勝クラス	9	7	7	2.1	1	2	ルメール	57	芝1600	良	**	1:34.9	0.1	**	5-4-4	35.1-35.3	34.8	518(+6)	ユキノロイヤル	310.0
レガーロデルシエロ	2024/02/04	2京都4	晴	11	きさらぎ賞(GIII)	12	6	7	15.7	4	8	ルメート	57	芝1800	良	**	1:47.3	0.5	**	4-3	35.6-34.4	34.8	512(+4)	ビザンチンドリーム	
レガーロデルシエロ	2023/12/03	4中京2	晴	8	こうやまき賞(1勝クラス)	7	5	5	1.5	1	2	ルメール	56	芝1600	良	**	1:34.1	0.1	**	3-2-2	35.8-34.8	34.8	508(+2)	ジューンテイク	434.6
レガーロデルシエロ	2023/07/29	1札幌3	晴	1	2歳未勝利	9	4	4	1.2	1	1	ルメール	55	芝1800	良	**	1:48.7	-0.5	**	2-2-2-1	36.3-36.1	36.1	506(+16)	(レディマキシマ)	550.0
レガーロデルシエロ	2023/06/18	3東京6	晴	5	2歳新馬	13	7	10	3.0	2	3	ルメール	55	芝1600	良	**	1:34.8	0.3	**	9-9	36.1-34.3	33.7	490(0)	ボルケーノ	
レディネス	2026/08/16	1札幌8	晴	11	札幌記念(GII)	16	7	14	36.3	10	3	横山典弘	58	芝2000	良	-22	1:58.8	0.6	103	3-3-4-5	34.2-35.1	35.4	500(+16)	シェイクユアハート	1,816.0
レディネス	2026/07/12	1函館10	雨	11	巴賞(OP)	14	6	9	7.5	4	10	横山和生	57	芝1800	重	**	1:48.7	1.6	**	10-9-9-8	35.8-36.0	35.8	484(-22)	ヴーレヴー	
レディネス	2026/01/31	1東京1	晴	11	白富士S(L)	10	2	2	5.9	3	4	横山典弘	56	芝2000	良	**	1:57.5	0.5	**	3-3-3	35.1-33.7	33.8	506(+8)	ダノンシーマ	420.0
レディネス	2025/12/07	5阪神2	晴	10	元町S(3勝クラス)	18	6	12	8.0	4	1	横山典弘	55	芝1800	良	**	1:44.7	-0.2	**	4-4	35.1-33.4	33.1	498(+10)	(アウフヘーベン)	1,877.8
レディネス	2025/10/19	4東京7	小雨	12	甲斐路S(3勝クラス)	18	1	2	7.2	3	16	横山典弘	55	芝1800	良	**	1:47.2	1.8	**	8-8-7	35.6-34.1	35.1	488(-8)	ニシノティアモ	
レディネス	2025/06/01	2東京12	晴	11	東京優駿(GI)	18	3	5	50.1	9	17	横山典弘	57	芝2400	良	**	2:28.5	4.8	**	12-11-12-12	35.7-34.8	38.0	496(+6)	クロワデュノール	
レディネス	2025/05/04	2東京4	晴	11	プリンシパルS(L)	14	7	12	6.2	3	1	横山典弘	57	芝2000	良	**	1:59.3	-0.1	**	12-12-11	36.4-34.7	33.2	490(-12)	(ジョイエッロ)	2,029.4
レディネス	2025/03/09	2中山4	晴	11	報知弥生ディープ記念(GII)	14	1	1	11.3	6	8	横山典弘	57	芝2000	稍	**	2:02.3	1.0	**	3-3-5-4	35.9-37.2	37.6	502(+4)	ファウストラーゼン	
レディネス	2025/02/08	1東京3	晴	5	3歳新馬	16	3	5	1.9	1	1	横山典弘	57	芝1800	良	**	1:49.2	0.0	**	8-11-10	37.1-34.6	33.7	498(0)	(アローグレイシャー)	
ロングラン	2026/06/07	3東京2	曇	11	安田記念(GI)	17	1	2	392.1	17	16	ゴンサル	58	芝1600	良	-23	1:33.4	1.3	90	4-4	34.5-34.2	34.7	480(+6)	シックスペンス	
ロングラン	2026/04/26	3京都2	曇	11	読売マイラーズC(GII)	18	7	14	153.6	16	18	団野大成	58	芝1600	良	**	1:32.6	0.9	**	12-10	34.3-33.4	33.7	474(-8)	アドマイヤズーム	
ロングラン	2026/02/22	1東京8	晴	11	フェブラリーS(GI)	16	4	7	235.1	15	14	荻野極	58	ダ1600	良	**	1:37.8	2.4	**	13-13	35.1-36.2	37.4	482(+4)	コスタノヴァ	
ロングラン	2025/11/23	4京都6	晴	11	マイルチャンピオンS(GI)	18	7	13	192.3	16	15	岩田康誠	58	芝1600	良	**	1:32.7	1.4	**	18-17	34.2-33.6	33.0	478(-12)	ジャンタルマンタル	
ロングラン	2025/10/05	4東京2	曇	11	毎日王冠(GII)	11	1	1	48.4	9	8	丹内祐次	58	芝1800	良	**	1:44.7	0.7	**	10-11-11	34.8-33.7	33.3	490(+14)	レーベンスティール	
ロングラン	2025/06/08	3東京2	曇	11	安田記念(GI)	18	6	12	87.6	15	13	岩田康誠	58	芝1600	良	**	1:33.7	1.0	**	4-4	35.0-34.3	35.1	476(-2)	ジャンタルマンタル	
ロングラン	2025/04/27	2京都2	晴	11	読売マイラーズC(GII)	10	8	10	10.2	5	1	岩田康誠	57	芝1600	良	**	1:31.7	-0.1	**	6-7	35.0-33.9	33.3	478(0)	(ジュンブロッサム)	5,970.0
ロングラン	2025/02/23	1小倉10	曇	11	小倉大賞典(GIII)	13	2	2	6.6	4	1	丹内祐次	57	芝1800	良	**	1:46.1	0.0	**	10-11-8-9	35.9-36.2	34.0	478(-8)	(ショウナンアデイブ)	4,349.0
ロングラン	2024/12/15	5中山6	晴	11	ディセンバーS(L)	16	8	15	8.2	4	8	丹内祐次	59	芝1800	良	**	1:46.0	0.8	**	12-12-9-9	35.8-34.9	34.5	486(+4)	エコロヴァルツ	
ロングラン	2024/10/27	5京都8	曇	11	カシオペアS(L)	18	2	4	11.8	6	3	藤岡佑介	59	芝1800	良	**	1:45.1	0.3	**	15-14	34.6-35.1	34.2	482(+2)	アルジーヌ	705.6
ロングラン	2024/07/21	3小倉8	晴	11	中京記念(GIII)	14	8	14	11.5	6	4	松山弘平	57	芝1800	良	**	1:47.4	0.2	**	13-14-14-12	34.3-37.3	35.9	480(0)	アルナシーム	620.0
ロングラン	2024/04/14	1福島4	晴	11	福島民報杯(L)	16	4	8	4.1	1	8	丹内祐次	57	芝2000	良	**	1:59.3	0.4	**	16-15-15-11	35.2-35.7	34.5	480(+2)	リフレーミング	
ロングラン	2024/02/18	2小倉4	晴	11	小倉大賞典(GIII)	15	6	11	6.6	4	2	丹内祐次	57	芝1800	良	**	1:45.3	0.2	**	10-11-10-9	35.0-36.5	34.3	478(-4)	エピファニー	1,716.0
ロングラン	2023/12/17	5中山6	晴	11	ディセンバーS(L)	13	8	13	8.9	6	1	丹内祐次	57	芝1800	良	**	1:47.8	-0.1	**	12-12-12-12	37.1-35.8	34.4	482(+4)	(コスタボニータ)	2,830.8
ロングラン	2023/11/18	3京都5	晴	11	アンドロメダS(L)	16	4	8	11.6	6	5	岩田康誠	55	芝2000	稍	**	1:59.8	0.6	**	8-9-10-10	35.2-35.2	34.9	478(-6)	ディープモンスター	280.0
ロングラン	2023/09/24	4中山7	晴	11	産経賞オールカマー(GII)	15	1	1	342.1	14	8	丹内祐次	57	芝2200	良	**	2:12.7	0.7	**	13-13-13-13	36.0-35.5	34.8	484(+8)	ローシャムパーク	
ロングラン	2023/07/16	2函館6	曇	11	函館記念(GIII)	16	3	6	63.7	16	15	勝浦正樹	55	芝2000	稍	**	2:05.0	3.6	**	8-7-7-11	35.4-36.6	39.4	476(-2)	ローシャムパーク	
ロングラン	2023/05/07	1新潟4	雨	11	新潟大賞典(GIII)	16	5	9	29.3	11	11	勝浦正樹	55	芝2000	不	**	2:06.6	2.8	**	5-5	35.9-36.5	38.7	478(+2)	カラテ	
ロングラン	2023/04/16	1福島4	晴	11	福島民報杯(L)	14	6	9	4.6	3	6	丹内祐次	55	芝2000	稍	**	2:02.3	0.7	**	6-4-6-5	35.5-35.9	36.2	476(0)	カレンルシェルブル	
ロングラン	2023/02/19	2小倉4	晴	11	小倉大賞典(GIII)	16	7	14	6.9	3	4	丹内祐次	55	芝1800	重	**	1:49.9	0.2	**	7-7-6-7	36.5-37.0	35.9	476(-10)	ヒンドゥタイムズ	650.0
ロングラン	2022/12/18	5中山6	晴	11	ディセンバーS(L)	16	6	12	9.5	5	5	丹内祐次	56	芝1800	稍	**	1:48.6	0.2	**	12-12-12-11	36.1-37.5	35.6	486(+6)	ショウナンマグマ	260.0
ロングラン	2022/09/18	4中山4	雨	10	レインボーS(3勝クラス)	15	7	12	22.4	10	1	丹内祐次	54	芝1800	重	**	1:49.9	-0.2	**	11-12-12-11	36.3-36.4	35.3	480(+12)	(アナゴサン)	1,873.6
ロングラン	2022/06/19	3阪神2	晴	9	三木特別(2勝クラス)	11	6	6	66.6	10	1	荻野極	57	芝1800	良	**	1:46.4	0.0	**	3-3	35.4-35.5	34.9	468(-10)	(ヴァンルーラー)	1,533.8
ロングラン	2022/03/26	3中山1	曇	12	4歳以上2勝クラス	16	2	4	26.7	8	16	大野拓弥	57	ダ1800	稍	**	1:58.3	4.9	**	5-5-9-13	36.1-38.1	42.3	478(-4)	シュルードアイズ	
ロングラン	2022/02/27	2中山2	晴	12	4歳以上2勝クラス	15	6	11	21.8	5	11	大野拓弥	56	ダ1800	良	**	1:57.4	2.3	**	5-5-5-7	37.9-39.6	41.5	482(-8)	ロンコーネ	
ロングラン	2021/10/03	4中山9	晴	8	3歳以上2勝クラス	16	3	5	15.8	7	7	大野拓弥	55	ダ1800	稍	**	1:53.6	1.2	**	11-11-11-13	35.8-38.8	37.9	490(+4)	エマージングロール	
ロングラン	2021/07/14	大井	曇	11	ジャパンダートダービ(JpnI)	13	6	8	48.3	9	9	大野拓弥	56	ダ2000	稍	**	2:07.2	1.3	**	12-12-11-10	35.6-38.1	38.2	486(+2)	キャッスルトップ	
ロングラン	2021/06/13	3東京4	曇	9	八王子特別(2勝クラス)	16	6	11	7.3	4	14	大野拓弥	54	ダ2100	良	**	2:15.0	4.2	**	14-15-15-14	31.3-37.2	39.0	484(0)	リキサンダイオー	
ロングラン	2021/04/11	3中山6	晴	6	3歳1勝クラス	9	1	1	4.3	3	1	大野拓弥	56	ダ1800	良	**	1:55.1	-0.1	**	6-7-8-7	38.2-36.9	36.3	484(0)	(キタノリューオー)	730.0
ロングラン	2021/03/14	2中山6	晴	6	3歳1勝クラス	16	5	9	12.5	4	7	北村宏司	56	ダ1800	重	**	1:54.4	0.6	**	11-12-11-11	37.3-38.8	38.0	484(-4)	ディールクルム	
ロングラン	2021/01/05	1中山1	晴	2	3歳未勝利	16	8	16	22.7	6	1	大野拓弥	56	ダ1800	良	**	1:56.5	-0.3	**	14-12-9-7	37.7-39.3	38.5	488(+2)	(アメリカンエール)	510.0
ロングラン	2020/11/29	5東京9	曇	6	2歳新馬	13	5	7	25.7	7	10	横山典弘	55	芝1800	良	**	1:51.8	1.0	**	6-9-11	38.4-34.2	34.0	486(0)	アビッグチア	
