year	date	weather	going	heads	rank	waku	umaban	name	sexage	kinryo	jockey	ninki	odds	time	margin	pass_	agari	aff	trainer	weight	flag
2025	2025-10-11	小雨	良	8	1	6	6	エコロアルバ	牡2	56.0	坂井瑠星	2	3.6	1:33.8		8-8	33.2	美	田村康仁	472(＋8)	
2025	2025-10-11	小雨	良	8	2	1	1	ガリレア	牡2	56.0	杉原誠人	7	53.4	1:34.1	1 1/2	3-3	34.0	美	清水英克	442(＋2)	
2025	2025-10-11	小雨	良	8	3	5	5	ゾロアストロ	牡2	56.0	ルメール	1	1.9	1:34.1	クビ	5-6	33.8	美	宮田敬介	470(＋4)	
2025	2025-10-11	小雨	良	8	4	2	2	マーゴットブロー	牡2	56.0	荻野極	8	60.1	1:34.2	クビ	1-1	34.4	美	伊坂重信	494(－2)	
2025	2025-10-11	小雨	良	8	5	8	8	チュウワカーネギー	牡2	56.0	北村友一	3	4.4	1:34.4	1 1/2	5-5	34.2	栗	大久保龍	534(＋18)	
2025	2025-10-11	小雨	良	8	6	4	4	ユウファラオ	牡2	56.0	丸山元気	6	42.5	1:34.4	ハナ	2-2	34.5	栗	森秀行	482(0)	外
2025	2025-10-11	小雨	良	8	7	3	3	アスクエジンバラ	牡2	56.0	岩田康誠	4	9.1	1:34.6	1 1/2	5-6	34.3	栗	福永祐一	458(0)	
2025	2025-10-11	小雨	良	8	8	7	7	ニシノエースサマ	牡2	56.0	三浦皇成	5	15.1	1:34.9	2	3-3	34.9	美	鹿戸雄一	486(＋6)	
2024	2024-10-05	小雨	稍重	7	1	1	1	アルテヴェローチェ	牡2	56.0	佐々木大	2	3.5	1:33.0		5-6	34.5	栗	須貝尚介	458(＋10)	
2024	2024-10-05	小雨	稍重	7	2	5	5	タイセイカレント	牡2	56.0	横山武史	4	12.9	1:33.1	1	7-7	34.3	栗	矢作芳人	486(0)	
2024	2024-10-05	小雨	稍重	7	3	4	4	マイネルチケット	牡2	56.0	戸崎圭太	5	13.8	1:33.2	1/2	3-3	35.2	栗	宮徹	454(0)	
2024	2024-10-05	小雨	稍重	7	4	6	6	シンフォーエバー	牡2	56.0	菅原明良	6	25.9	1:33.2	アタマ	1-1	35.5	栗	森秀行	500(＋4)	外
2024	2024-10-05	小雨	稍重	7	5	3	3	アルレッキーノ	牡2	56.0	ルメール	1	1.5	1:33.3	クビ	4-4	35.2	美	国枝栄	460(－2)	
2024	2024-10-05	小雨	稍重	7	6	2	2	ニシノルアノーヴァ	牡2	56.0	永野猛蔵	7	55.1	1:34.1	5	6-5	35.8	美	古賀慎明	470(0)	
2024	2024-10-05	小雨	稍重	7	7	7	7	フードマン	牡2	56.0	松山弘平	3	7.8	1:34.2	1/2	2-2	36.3	栗	小栗実	466(＋4)	外
2023	2023-10-07	晴	良	9	1	2	2	ゴンバデカーブース	牡2	56.0	松山弘平	3	9.6	1:33.4		9-9	33.5	美	堀宣行	460(－2)	
2023	2023-10-07	晴	良	9	2	3	3	ボンドガール	牝2	55.0	川田将雅	1	1.4	1:33.7	2	7-6	34.1	美	手塚貴久	454(＋8)	
2023	2023-10-07	晴	良	9	3	1	1	シュトラウス	牡2	56.0	ルメール	2	2.8	1:33.7	クビ	6-3	34.3	美	武井亮	514(＋10)	
2023	2023-10-07	晴	良	9	4	7	7	レーヴジーニアル	牡2	56.0	横山和生	4	36.0	1:33.8	3/4	1-1	34.6	栗	松永幹夫	476(＋2)	
2023	2023-10-07	晴	良	9	5	4	4	エコロマーズ	牡2	56.0	戸崎圭太	5	44.0	1:34.3	3	8-6	34.6	栗	牧浦充徳	480(－6)	
2023	2023-10-07	晴	良	9	6	6	6	ウインアクトゥール	牡2	56.0	横山武史	6	48.5	1:34.7	2 1/2	4-3	35.3	美	栗田徹	414(－2)	
2023	2023-10-07	晴	良	9	7	8	9	マイネルブリックス	牡2	56.0	津村明秀	8	101.4	1:34.8	1/2	4-6	35.2	美	黒岩陽一	448(＋6)	
2023	2023-10-07	晴	良	9	8	5	5	ハッピーサプライズ	牡2	56.0	大野拓弥	9	213.1	1:35.1	2	2-2	35.8	美	佐藤吉勝	436(－4)	
2023	2023-10-07	晴	良	9	9	8	8	マリンバンカー	牡2	56.0	岩部純二	7	82.8	1:37.3	大差	2-3	37.9	美	南田美知	478(－6)	
2022	2022-10-08	曇	良	9	1	7	7	ドルチェモア	牡2	55.0	横山和生	2	6.8	1:33.4		2-2	33.4	栗	須貝尚介	472(－8)	
2022	2022-10-08	曇	良	9	2	1	1	グラニット	牡2	55.0	嶋田純次	7	40.4	1:33.6	1 1/4	1-1	35.8	美	大和田成	444(－4)	
2022	2022-10-08	曇	良	9	3	8	8	シルヴァーデューク	牡2	55.0	戸崎圭太	3	8.8	1:34.0	2 1/2	3-3	33.9	栗	西村真幸	454(－2)	
2022	2022-10-08	曇	良	9	4	5	5	ノッキングポイント	牡2	55.0	ルメール	1	1.4	1:34.1	1	7-6	33.6	美	木村哲也	474(＋10)	
2022	2022-10-08	曇	良	9	5	4	4	マイネルケレリウス	牡2	55.0	石川裕紀	4	13.3	1:34.3	1 1/2	9-9	33.6	美	奥村武	418(＋8)	
2022	2022-10-08	曇	良	9	6	2	2	ブーケファロス	牡2	55.0	菅原明良	6	18.4	1:34.4	3/4	4-4	34.1	美	清水英克	436(＋6)	
2022	2022-10-08	曇	良	9	7	3	3	ミシェラドラータ	牡2	55.0	大野拓弥	9	116.0	1:34.5	1/2	7-8	33.9	栗	清水久詞	476(－2)	
2022	2022-10-08	曇	良	9	8	8	9	フロムナウオン	牡2	55.0	津村明秀	5	14.1	1:34.6	クビ	6-6	34.2	美	手塚貴久	548(＋12)	
2022	2022-10-08	曇	良	9	9	6	6	レッドソリッド	牡2	55.0	三浦皇成	8	63.0	1:35.0	2 1/2	4-4	34.8	栗	音無秀孝	504(＋2)	
2021	2021-10-09	曇	良	7	1	6	6	コマンドライン	牡2	55.0	ルメール	1	2.2	1:36.4		2-2	33.5	美	国枝栄	522(＋10)	
2021	2021-10-09	曇	良	7	2	3	3	ステルナティーア	牝2	54.0	福永祐一	2	2.3	1:36.5	1/2	3-3	33.4	美	岩戸孝樹	442(－4)	
2021	2021-10-09	曇	良	7	3	1	1	スタニングローズ	牝2	54.0	戸崎圭太	3	5.4	1:36.5	クビ	5-5	33.2	栗	高野友和	480(－8)	
2021	2021-10-09	曇	良	7	4	7	7	ウナギノボリ	牡2	55.0	菅原明良	4	17.6	1:36.7	1	5-5	33.4	栗	音無秀孝	478(＋10)	
2021	2021-10-09	曇	良	7	5	5	5	ロードリライアブル	牡2	55.0	横山武史	5	36.1	1:37.2	3	1-1	34.6	栗	清水久詞	474(－2)	
2021	2021-10-09	曇	良	7	6	4	4	ガトーフレーズ	牝2	54.0	Mデムーロ	6	46.8	1:37.5	1 1/2	7-7	33.8	美	清水英克	430(＋2)	
2021	2021-10-09	曇	良	7	7	2	2	ケッツァー	牡2	55.0	柴田大知	7	75.8	1:37.7	1 1/2	3-4	34.5	美	高橋祥泰	478(＋4)	
2020	2020-10-10	雨	不良	10	1	8	9	ステラヴェローチェ	牡2	55.0	横山典弘	3	5.7	1:39.6		8-9	36.8	栗	須貝尚介	502(＋14)	
2020	2020-10-10	雨	不良	10	2	5	5	インフィナイト	牝2	54.0	北村友一	1	2.4	1:40.1	3	4-4	37.7	栗	音無秀孝	488(－2)	
2020	2020-10-10	雨	不良	10	3	6	6	セイウンダイモス	牡2	55.0	内田博幸	9	53.6	1:40.5	2 1/2	8-4	38.2	美	和田勇介	470(－14)	
2020	2020-10-10	雨	不良	10	4	2	2	ジャンカズマ	牡2	55.0	戸崎圭太	5	10.3	1:40.6	1/2	2-2	38.6	栗	安田翔伍	448(－6)	
2020	2020-10-10	雨	不良	10	5	7	8	キングストンボーイ	牡2	55.0	ルメール	2	4.7	1:40.7	1/2	6-8	38.1	美	藤沢和雄	488(－4)	
2020	2020-10-10	雨	不良	10	6	3	3	ビゾンテノブファロ	牡2	55.0	原優介	10	180.6	1:40.9	1	8-9	38.0	美	小桧山悟	472(＋2)	地
2020	2020-10-10	雨	不良	10	7	4	4	スペシャルトーク	牡2	55.0	Mデムーロ	7	19.5	1:41.0	3/4	6-7	38.5	美	杉浦宏昭	454(－4)	
2020	2020-10-10	雨	不良	10	8	8	10	カガフラッシュ	牡2	55.0	江田照男	8	46.0	1:42.0	6	4-4	39.7	美	萱野浩二	448(＋2)	
2020	2020-10-10	雨	不良	10	9	1	1	ピンクカメハメハ	牡2	55.0	三浦皇成	6	14.8	1:42.2	1 1/2	1-1	40.3	栗	森秀行	450(－8)	
2020	2020-10-10	雨	不良	10	10	7	7	ダディーズビビッド	牡2	55.0	大野拓弥	4	7.0	1:42.7	3	3-3	40.5	栗	千田輝彦	478(＋2)	
2019	2019-10-05	晴	良	9	1	3	3	サリオス	牡2	55.0	石橋脩	1	1.5	1:32.7	レコード	3-3	33.1	美	堀宣行	540(＋6)	
2019	2019-10-05	晴	良	9	2	6	6	クラヴァシュドール	牝2	54.0	藤岡佑介	2	4.7	1:32.9	1 1/4	5-5	33.1	栗	中内田充	450(0)	
2019	2019-10-05	晴	良	9	3	8	8	アブソルティスモ	牡2	55.0	戸崎圭太	3	6.5	1:33.5	3 1/2	1-1	34.3	美	藤沢和雄	494(－4)	
2019	2019-10-05	晴	良	9	4	2	2	ジェラペッシュ	牝2	54.0	吉田豊	6	37.8	1:33.9	2 1/2	5-5	34.1	美	尾関知人	446(＋4)	
2019	2019-10-05	晴	良	9	5	8	9	エンジェルサークル	牝2	54.0	Mデムーロ	5	14.4	1:33.9	クビ	9-8	33.7	美	中川公成	436(－6)	
2019	2019-10-05	晴	良	9	6	7	7	シコウ	牡2	55.0	木幡巧也	7	62.7	1:34.2	2	2-2	34.9	美	牧光二	450(－10)	
2019	2019-10-05	晴	良	9	7	4	4	カップッチョ	牡2	55.0	江田照男	9	174.9	1:34.4	1 1/4	7-7	34.4	美	高市圭二	440(＋2)	
2019	2019-10-05	晴	良	9	8	5	5	ロードエクスプレス	牡2	55.0	三浦皇成	4	11.0	1:34.5	1/2	7-8	34.4	栗	坂口智康	438(＋6)	
2019	2019-10-05	晴	良	9	9	1	1	イロゴトシ	牡2	55.0	小崎綾也	8	78.0	1:34.5	クビ	3-3	35.0	栗	牧田和弥	458(＋4)	
2018	2018-10-06	晴	良	8	1	4	4	グランアレグリア	牝2	54.0	ルメール	1	1.3	1:34.0		2-2	34.0	美	藤沢和雄	476(＋18)	
2018	2018-10-06	晴	良	8	2	5	5	ドゴール	牡2	55.0	津村明秀	7	45.2	1:34.6	3 1/2	7-7	33.7	美	黒岩陽一	448(＋4)	
2018	2018-10-06	晴	良	8	3	2	2	アマーティ	牝2	54.0	三浦皇成	4	17.0	1:34.8	1	3-3	34.5	美	武井亮	472(－8)	
2018	2018-10-06	晴	良	8	4	3	3	ドラウプニル	牡2	55.0	モレイラ	3	6.9	1:35.0	1 1/4	6-6	34.3	栗	斉藤崇史	464(＋2)	
2018	2018-10-06	晴	良	8	5	1	1	シャドウエンペラー	牡2	55.0	和田竜二	2	5.7	1:35.0	クビ	7-7	34.1	栗	岡田稲男	474(－4)	外
2018	2018-10-06	晴	良	8	6	8	8	トーラスジェミニ	牡2	55.0	吉田隼人	8	208.3	1:35.0	クビ	1-1	35.1	美	小桧山悟	464(＋6)	
2018	2018-10-06	晴	良	8	7	7	7	セグレドスペリオル	牡2	55.0	川又賢治	5	25.7	1:35.1	クビ	3-5	34.7	栗	宮本博	462(0)	
2018	2018-10-06	晴	良	8	8	6	6	サムシングジャスト	牝2	54.0	横山典弘	6	33.0	1:35.9	5	3-3	35.6	栗	松田国英	476(－8)	
2017	2017-10-07	曇	稍重	18	1	1	2	ダノンプレミアム	牡2	55.0	川田将雅	2	3.6	1:33.0	レコード	2-2	34.4	栗	中内田充	482(＋6)	
2017	2017-10-07	曇	稍重	18	2	8	16	ステルヴィオ	牡2	55.0	ルメール	1	2.6	1:33.3	1 3/4	14-16	33.5	美	木村哲也	456(－2)	
2017	2017-10-07	曇	稍重	18	3	7	13	カーボナード	牡2	55.0	岩田康誠	6	16.6	1:33.5	1 1/4	7-7	34.4	美	栗田徹	456(－10)	
2017	2017-10-07	曇	稍重	18	4	7	14	テンクウ	牡2	55.0	田辺裕信	3	8.8	1:33.5	クビ	10-10	34.2	美	奥村武	442(－4)	
2017	2017-10-07	曇	稍重	18	5	2	3	シュバルツボンバー	牡2	55.0	福永祐一	5	11.2	1:33.6	1/2	7-7	34.5	栗	須貝尚介	510(＋12)	
2017	2017-10-07	曇	稍重	18	6	3	6	ダブルシャープ	牡2	55.0	石川倭	4	9.4	1:33.6	アタマ	4-5	34.7	招	米川昇	478(＋8)	地
2017	2017-10-07	曇	稍重	18	7	5	9	コスモインザハート	牡2	55.0	柴田大知	9	36.2	1:33.6	アタマ	10-10	34.3	栗	西園正都	476(－2)	
2017	2017-10-07	曇	稍重	18	8	8	18	ルッジェーロ	牡2	55.0	戸崎圭太	7	34.3	1:33.8	1 1/2	14-13	34.2	美	鹿戸雄一	506(＋14)	
2017	2017-10-07	曇	稍重	18	9	7	15	ソイルトゥザソウル	牡2	55.0	田中勝春	12	110.6	1:33.9	クビ	12-10	34.6	美	高市圭二	426(－2)	
2017	2017-10-07	曇	稍重	18	10	2	4	ボウルズ	牝2	54.0	小牧太	11	52.9	1:33.9	ハナ	4-4	35.1	栗	小崎憲	454(0)	
2017	2017-10-07	曇	稍重	18	11	1	1	エングローサー	牡2	55.0	三浦皇成	13	113.3	1:34.1	1 1/4	17-17	34.2	栗	清水久詞	470(＋2)	
2017	2017-10-07	曇	稍重	18	12	6	11	マイネルサイルーン	牡2	55.0	津村明秀	16	314.9	1:34.2	3/4	14-13	34.6	美	清水英克	432(－2)	
2017	2017-10-07	曇	稍重	18	13	5	10	バイオレントブロー	牡2	55.0	内田博幸	14	151.4	1:34.8	3 1/2	6-5	35.9	栗	佐々木晶	478(＋2)	
2017	2017-10-07	曇	稍重	18	14	6	12	メイショウドウドウ	牡2	55.0	吉田隼人	15	199.0	1:34.9	3/4	12-13	35.3	栗	荒川義之	450(－6)	
2017	2017-10-07	曇	稍重	18	15	3	5	ハクサンフエロ	牡2	55.0	石橋脩	10	42.7	1:35.0	3/4	1-1	36.7	美	牧光二	446(＋2)	
2017	2017-10-07	曇	稍重	18	16	4	8	メルムサール	牡2	55.0	江田照男	17	330.8	1:35.0	ハナ	7-7	35.9	美	田中剛	424(＋2)	
2017	2017-10-07	曇	稍重	18	17	8	17	スワーヴエドワード	牡2	55.0	四位洋文	8	35.2	1:35.4	2 1/2	17-17	35.4	美	国枝栄	492(0)	
2017	2017-10-07	曇	稍重	18	18	4	7	スターリバー	牝2	54.0	大野拓弥	18	377.8	1:37.1	大差	2-3	38.4	美	萱野浩二	446(＋4)	
2016	2016-10-08	曇	稍重	9	1	6	6	ブレスジャーニー	牡2	55.0	柴田善臣	3	5.0	1:34.5		7-7	33.8	美	本間忍	446(＋4)	
2016	2016-10-08	曇	稍重	9	2	7	7	ダンビュライト	牡2	55.0	ルメール	2	3.5	1:34.7	1 1/4	6-6	34.2	栗	音無秀孝	464(0)	
2016	2016-10-08	曇	稍重	9	3	3	3	クライムメジャー	牡2	55.0	Mデムーロ	1	2.2	1:35.2	3	3-3	34.9	栗	池江泰寿	494(－4)	
2016	2016-10-08	曇	稍重	9	4	4	4	ウィンドライジズ	牡2	55.0	木幡巧也	6	37.0	1:35.2	アタマ	4-3	34.9	美	牧光二	440(＋6)	
2016	2016-10-08	曇	稍重	9	5	2	2	バリンジャー	牡2	55.0	北村宏司	5	16.8	1:35.3	1/2	8-7	34.5	美	奥村武	442(＋4)	
2016	2016-10-08	曇	稍重	9	6	8	8	セイウングロリアス	牡2	55.0	内田博幸	8	46.2	1:35.5	1 1/4	8-9	34.6	美	武市康男	462(－2)	
2016	2016-10-08	曇	稍重	9	7	1	1	ロジムーン	牡2	55.0	戸崎圭太	4	5.1	1:36.0	3	5-5	35.6	美	萩原清	440(－4)	
2016	2016-10-08	曇	稍重	9	8	5	5	サクセスムーン	牝2	54.0	木幡初広	7	42.2	1:36.6	3 1/2	1-1	36.5	美	上原博之	436(＋2)	
2016	2016-10-08	曇	稍重	9	9	8	9	シャイニードライヴ	牡2	55.0	吉田豊	9	111.5	1:37.3	4	2-2	37.2	美	尾形充弘	444(0)	
