waku	umaban	name	sex	age	kinryo	jockey	aff	trainer	odds_pred	pop_pred	prev_note
1	1	ギブリ	牡	2	56.0	横山典	栗東	松永幹	21.3	7	新馬組（未確認）
2	2	デミアン	牡	2	56.0	斎藤	美浦	斎藤誠	7.8	3	新馬組（未確認）
3	3	サトノハクマイ	牡	2	56.0	戸崎圭	美浦	斎藤誠	13.7	5	新馬組（未確認）
4	4	アゴルディーノ	牡	2	56.0	横山和	美浦	中舘	13.8	6	コスモス賞(OP)2着
5	5	フィリオソラーレ	牡	2	56.0	ルメール	美浦	木村	1.8	1	新馬組（未確認）
6	6	ベルウッドディープ	牡	2	56.0	三浦	美浦	室井	4.2	2	新馬組（未確認）
6	7	ニシノトラノスケ	牡	2	56.0	菊沢	美浦	千葉	47.6	11	新馬組（未確認）
7	8	グルーヴェンス	牡	2	56.0	横山武	美浦	高柳瑞	40.7	10	未勝利1着
7	9	ジップスパーク	牡	2	56.0	田辺	美浦	中舘	11.5	4	新馬組（未確認）
8	10	アイファーマーリン	牡	2	56.0	松岡	美浦	蛯名利	37.7	9	未勝利1着
8	11	ハンサム	牡	2	56.0	丹内	栗東	清水久	21.9	8	未勝利1着
