year	venue	baba	heads	sanrentan	rank	waku	umaban	name	sexage	kinryo	jockey	ninki	odds	pass	agari	shozoku	weight
2025	京都	稍重	18	3-5-8	1	2	3	ディープモンスター	牡7	57.0	浜中俊	5	11.3	6-5-7-7	34.4	栗	466
2025	京都	稍重	18	3-5-8	2	3	5	サンライズアース	牡4	58.0	池添謙一	2	5.3	1-1-1-1	35.0	栗	534
2025	京都	稍重	18	3-5-8	3	4	8	ヴェルミセル	牝5	55.0	鮫島克駿	15	90.8	12-12-11-11	34.3	栗	468
2025	京都	稍重	18	3-5-8	4	2	4	アドマイヤテラ	牡4	58.0	川田将雅	1	3.1	6-7-6-3	34.8	栗	496
2025	京都	稍重	18	3-5-8	5	8	18	ショウナンラプンタ	牡4	57.0	松山弘平	3	5.3	16-17-13-9	34.5	栗	542
2025	京都	稍重	18	3-5-8	6	8	17	アルナシーム	牡6	57.0	藤岡佑介	12	80.6	3-3-7-7	34.8	栗	446
2025	京都	稍重	18	3-5-8	7	6	11	ヴェルテンベルク	牡5	57.0	松若風馬	16	151.9	12-12-15-14	34.5	栗	486
2025	京都	稍重	18	3-5-8	8	4	7	ドゥレッツァ	牡5	58.0	横山武史	4	5.9	8-8-2-2	35.4	美	478
2025	京都	稍重	18	3-5-8	9	1	1	サンライズソレイユ	牡4	57.0	坂井瑠星	10	37.8	4-3-3-3	35.2	栗	522
2025	京都	稍重	18	3-5-8	10	8	16	ボルドグフーシュ	牡6	57.0	内田博幸	8	26.2	15-15-13-14	34.7	栗	510
2025	京都	稍重	18	3-5-8	11	1	2	カネフラ	牡5	57.0	団野大成	18	282.8	16-15-15-14	34.7	栗	448
2025	京都	稍重	18	3-5-8	12	7	15	ジューンテイク	牡4	57.0	菱田裕二	9	28.2	14-14-17-18	34.8	栗	490
2025	京都	稍重	18	3-5-8	13	5	10	ブレイヴロッカー	セ5	57.0	太宰啓介	13	84.5	10-9-9-9	35.2	栗	466
2025	京都	稍重	18	3-5-8	14	7	13	メイショウブレゲ	牡6	57.0	酒井学	11	47.4	18-17-18-14	34.9	栗	474
2025	京都	稍重	18	3-5-8	15	3	6	プラダリア	牡6	57.0	高杉吏麒	7	23.2	2-2-3-3	35.7	栗	468
2025	京都	稍重	18	3-5-8	16	7	14	サブマリーナ	牡4	57.0	横山和生	6	12.1	5-5-3-3	35.9	栗	478
2025	京都	稍重	18	3-5-8	17	5	9	ミクソロジー	セ6	57.0	斎藤新	17	235.1	11-9-11-11	35.5	栗	434
2025	京都	稍重	18	3-5-8	18	6	12	ワープスピード	牡6	57.0	吉村誠之	14	89.9	8-9-9-11	37.6	美	498
2024	京都	良	11	4-7-3	1	4	4	シュヴァリエローズ	牡6	57.0	北村友一	8	22.5	6-6-5-5	34.2	栗	468
2024	京都	良	11	4-7-3	2	6	7	ディープボンド	牡7	57.0	幸英明	4	9.9	4-4-3-2	34.8	栗	516
2024	京都	良	11	4-7-3	3	3	3	メイショウブレゲ	牡5	57.0	酒井学	11	154.4	8-8-8-8	34.1	栗	474
2024	京都	良	11	4-7-3	4	6	6	スマートファントム	牡4	57.0	藤岡佑介	5	12.6	11-11-10-10	33.9	栗	476
2024	京都	良	11	4-7-3	5	1	1	サトノグランツ	牡4	57.0	川田将雅	2	2.8	6-7-5-5	34.5	栗	506
2024	京都	良	11	4-7-3	6	7	9	ドクタードリトル	牡4	57.0	松山弘平	6	21.6	8-8-8-8	34.3	栗	462
2024	京都	良	11	4-7-3	7	7	8	プラダリア	牡5	58.0	池添謙一	3	6.1	3-3-4-4	34.9	栗	470
2024	京都	良	11	4-7-3	8	8	10	バビット	牡7	57.0	団野大成	10	57.1	2-2-2-1	35.5	栗	470
2024	京都	良	11	4-7-3	9	5	5	ジューンアヲニヨシ	牡4	57.0	田口貫太	7	21.8	4-5-5-5	35.1	栗	486
2024	京都	良	11	4-7-3	10	2	2	ケイアイサンデラ	牡4	57.0	藤懸貴志	9	35.0	1-1-1-2	37.0	栗	444
2024	京都	良	11	4-7-3	11	8	11	ブローザホーン	牡5	59.0	菅原明良	1	2.6	10-10-10-11	35.9	栗	426
2023	京都	重	14	7-6-4	1	5	7	プラダリア	牡4	57.0	池添謙一	5	7.6	3-3-3-2	35.6	栗	470
2023	京都	重	14	7-6-4	2	4	6	ボッケリーニ	牡7	57.0	浜中俊	3	5.3	5-5-5-4	35.3	栗	470
2023	京都	重	14	7-6-4	3	3	4	ディープボンド	牡6	57.0	和田竜二	1	4.0	9-8-9-9	35.1	栗	508
2023	京都	重	14	7-6-4	4	5	8	ヒンドゥタイムズ	セ7	57.0	団野大成	9	51.7	7-8-9-6	35.3	栗	472
2023	京都	重	14	7-6-4	5	7	12	アフリカンゴールド	セ8	57.0	国分恭介	10	58.3	1-1-1-1	36.1	栗	476
2023	京都	重	14	7-6-4	6	3	3	マイネルウィルトス	牡7	57.0	Mデムー	8	19.4	13-13-12-12	34.9	栗	480
2023	京都	重	14	7-6-4	7	2	2	ヴェラアズール	牡6	59.0	松山弘平	6	8.2	12-12-11-11	35.0	栗	526
2023	京都	重	14	7-6-4	8	6	9	ビッグリボン	牝5	55.0	西村淳也	7	15.6	5-5-5-6	36.1	栗	504
2023	京都	重	14	7-6-4	9	6	10	ヒートオンビート	牡6	58.0	川田将雅	4	5.7	7-7-5-6	36.2	栗	484
2023	京都	重	14	7-6-4	10	7	11	ウインマイティー	牝6	55.0	松若風馬	12	92.4	3-4-3-4	36.5	栗	490
2023	京都	重	14	7-6-4	11	8	14	アイアンバローズ	牡6	57.0	北村友一	13	111.7	2-2-2-2	37.0	栗	514
2023	京都	重	14	7-6-4	12	4	5	インプレス	牡4	57.0	藤岡佑介	11	69.4	9-8-5-10	38.0	栗	536
2023	京都	重	14	7-6-4	13	8	13	ゼーゲン	セ8	57.0	藤岡康太	14	269.4	14-14-14-13	37.3	美	412
2023	京都	重	14	7-6-4	中止	1	1	ブローザホーン	牡4	57.0	菅原明良	2	5.0	9-8-12-14		美	414
2022	阪神	稍重	14	10-2-11	1	6	10	ヴェラアズール	牡5	56.0	松山弘平	2	7.4	10-10-11-10	33.2	栗	518
2022	阪神	稍重	14	10-2-11	2	2	2	ボッケリーニ	牡6	57.0	浜中俊	1	3.2	5-5-6-7	33.8	栗	472
2022	阪神	稍重	14	10-2-11	3	7	11	ウインマイティー	牝5	54.0	和田竜二	3	7.8	7-7-8-7	34.0	栗	486
2022	阪神	稍重	14	10-2-11	4	3	4	ヒンドゥタイムズ	セ6	56.0	団野大成	5	10.9	7-7-6-4	34.3	栗	470
2022	阪神	稍重	14	10-2-11	5	5	8	ディアスティマ	牡5	56.0	北村友一	9	16.4	2-2-2-2	34.6	栗	486
2022	阪神	稍重	14	10-2-11	6	4	6	アイアンバローズ	牡5	56.0	岩田望来	7	12.9	7-9-8-7	34.3	栗	508
2022	阪神	稍重	14	10-2-11	7	8	13	ディバインフォース	牡6	57.0	池添謙一	14	54.9	14-13-12-13	33.7	栗	466
2022	阪神	稍重	14	10-2-11	8	5	7	キングオブドラゴン	牡5	56.0	川田将雅	11	21.0	4-4-4-4	34.6	栗	496
2022	阪神	稍重	14	10-2-11	9	4	5	レッドガラン	牡7	56.0	岩田康誠	13	28.3	11-10-12-10	34.1	栗	514
2022	阪神	稍重	14	10-2-11	10	8	14	ディアマンミノル	牡5	56.0	荻野極	6	12.6	13-13-12-13	33.9	栗	468
2022	阪神	稍重	14	10-2-11	11	3	3	アリストテレス	牡5	56.0	鮫島克駿	4	10.4	5-5-4-4	34.9	栗	478
2022	阪神	稍重	14	10-2-11	12	1	1	アフリカンゴールド	セ7	57.0	国分恭介	12	25.6	3-3-2-2	35.6	栗	474
2022	阪神	稍重	14	10-2-11	13	6	9	ユニコーンライオン	牡6	56.0	坂井瑠星	10	17.8	1-1-1-1	36.0	栗	532
2022	阪神	稍重	14	10-2-11	14	7	12	マイネルファンロン	牡7	56.0	Mデムー	8	13.0	12-12-10-10	35.4	美	466
2021	阪神	良	14	8-9-11	1	5	8	マカヒキ	牡8	57.0	藤岡康太	9	32.1	8-8-7-7	35.9	栗	506
2021	阪神	良	14	8-9-11	2	6	9	アリストテレス	牡4	57.0	Mデムー	1	3.6	5-4-5-4	36.1	栗	472
2021	阪神	良	14	8-9-11	3	7	11	キセキ	牡7	57.0	和田竜二	4	7.4	2-3-3-3	36.4	栗	506
2021	阪神	良	14	8-9-11	4	6	10	ディアマンミノル	牡4	56.0	荻野極	11	40.4	13-13-13-12	35.6	栗	458
2021	阪神	良	14	8-9-11	5	8	13	ロードマイウェイ	牡5	56.0	松山弘平	12	43.1	11-11-9-7	36.1	栗	476
2021	阪神	良	14	8-9-11	6	7	12	オセアグレイト	牡5	57.0	野中悠太	14	69.2	10-10-9-10	36.0	美	492
2021	阪神	良	14	8-9-11	7	3	3	ステイフーリッシュ	牡6	56.0	川須栄彦	5	8.4	4-4-4-4	36.7	栗	466
2021	阪神	良	14	8-9-11	8	8	14	ヒートオンビート	牡4	56.0	戸崎圭太	2	4.0	7-6-5-4	36.7	栗	480
2021	阪神	良	14	8-9-11	9	5	7	ダンビュライト	セ7	56.0	松若風馬	8	24.7	2-2-2-2	37.1	栗	492
2021	阪神	良	14	8-9-11	10	4	6	ヒュミドール	セ5	56.0	幸英明	7	13.9	5-6-7-7	36.7	美	458
2021	阪神	良	14	8-9-11	11	4	5	ムイトオブリガード	牡7	56.0	藤岡佑介	13	43.8	11-11-12-12	36.3	栗	502
2021	阪神	良	14	8-9-11	12	1	1	アイアンバローズ	牡4	56.0	岩田望来	3	7.1	8-9-11-10	36.8	栗	504
2021	阪神	良	14	8-9-11	13	3	4	モズベッロ	牡5	56.0	池添謙一	6	12.5	13-13-14-14	36.8	栗	480
2021	阪神	良	14	8-9-11	14	2	2	ベレヌス	牡4	56.0	斎藤新	10	38.1	1-1-1-1	39.1	栗	508
2020	京都	稍重	17	13-2-17	1	7	13	グローリーヴェイズ	牡5	58.0	川田将雅	3	6.2	5-5-5-5	34.5	美	456
2020	京都	稍重	17	13-2-17	2	1	2	キセキ	牡6	57.0	浜中俊	1	3.5	17-17-11-7	34.3	栗	502
2020	京都	稍重	17	13-2-17	3	8	17	キングオブコージ	牡4	57.0	横山典弘	2	5.2	11-9-11-12	34.4	栗	492
2020	京都	稍重	17	13-2-17	4	2	3	シルヴァンシャー	牡5	56.0	北村友一	8	13.6	7-7-7-9	34.6	栗	472
2020	京都	稍重	17	13-2-17	5	3	6	ステイフーリッシュ	牡5	56.0	藤岡佑介	4	7.3	4-4-3-2	35.2	栗	466
2020	京都	稍重	17	13-2-17	6	8	15	パフォーマプロミス	牡8	56.0	福永祐一	6	9.9	8-8-9-7	34.9	栗	468
2020	京都	稍重	17	13-2-17	7	1	1	ダンビュライト	セ6	56.0	松若風馬	5	8.8	1-1-1-1	35.5	栗	498
2020	京都	稍重	17	13-2-17	8	7	14	アイスバブル	牡5	56.0	幸英明	13	94.4	12-12-14-14	34.4	栗	456
2020	京都	稍重	17	13-2-17	9	6	11	バイオスパーク	牡5	56.0	和田竜二	10	43.3	3-3-3-2	35.4	栗	474
2020	京都	稍重	17	13-2-17	10	4	8	カセドラルベル	牝4	54.0	松山弘平	7	11.2	2-2-2-2	35.6	栗	558
2020	京都	稍重	17	13-2-17	11	4	7	リッジマン	牡7	56.0	古川吉洋	17	370.8	12-12-11-13	35.1	栗	464
2020	京都	稍重	17	13-2-17	12	3	5	ノーブルマーズ	牡7	56.0	高倉稜	12	87.5	5-5-5-5	36.0	栗	498
2020	京都	稍重	17	13-2-17	13	8	16	ミスマンマミーア	牝5	54.0	池添謙一	9	37.9	14-14-15-16	35.2	栗	468
2020	京都	稍重	17	13-2-17	14	2	4	タイセイトレイル	牡5	56.0	川須栄彦	11	71.3	9-9-9-9	35.9	栗	494
2020	京都	稍重	17	13-2-17	15	6	12	ドゥオーモ	牡7	56.0	藤岡康太	14	128.6	14-14-15-16	35.5	栗	476
2020	京都	稍重	17	13-2-17	16	5	9	モンドインテロ	牡8	57.0	嶋田純次	16	247.7	9-9-7-9	36.6	美	488
2020	京都	稍重	17	13-2-17	17	5	10	アルバート	牡9	56.0	岩田康誠	15	171.2	16-16-15-15	36.3	栗	488
2019	京都	良	17	7-14-6	1	4	7	ドレッドノータス	セ6	56.0	坂井瑠星	11	90.7	3-3-3-3	34.9	栗	458
2019	京都	良	17	7-14-6	2	7	14	ダンビュライト	牡5	57.0	松若風馬	6	17.4	1-1-1-1	35.4	栗	494
2019	京都	良	17	7-14-6	3	3	6	シルヴァンシャー	牡4	56.0	浜中俊	5	14.3	10-11-10-7	35.1	栗	480
2019	京都	良	17	7-14-6	4	1	1	ノーブルマーズ	牡6	56.0	高倉稜	4	8.6	7-5-8-7	35.3	栗	492
2019	京都	良	17	7-14-6	5	2	4	エタリオウ	牡4	56.0	横山典弘	2	5.3	15-15-16-16	34.8	栗	478
2019	京都	良	17	7-14-6	6	8	16	グローリーヴェイズ	牡4	57.0	Mデムー	1	2.0	3-3-5-6	35.7	美	452
2019	京都	良	17	7-14-6	7	5	10	ウラヌスチャーム	牝4	54.0	大野拓弥	7	20.4	14-13-12-11	35.3	美	498
2019	京都	良	17	7-14-6	8	7	13	メートルダール	牡6	56.0	和田竜二	14	153.5	8-8-3-3	36.0	美	488
2019	京都	良	17	7-14-6	9	2	3	クリンチャー	牡5	56.0	池添謙一	8	41.6	8-8-6-3	36.0	栗	490
2019	京都	良	17	7-14-6	10	4	8	パリンジェネシス	牡5	56.0	松山弘平	10	44.9	10-12-15-11	35.6	栗	522
2019	京都	良	17	7-14-6	11	3	5	チェスナットコート	牡5	56.0	岩田康誠	15	201.1	10-10-12-11	35.7	栗	464
2019	京都	良	17	7-14-6	12	5	9	エアウィンザー	牡5	56.0	三浦皇成	3	6.1	5-5-8-10	36.5	栗	508
2019	京都	良	17	7-14-6	13	6	12	リッジマン	牡6	57.0	蛯名正義	16	288.0	13-13-12-11	36.4	栗	448
2019	京都	良	17	7-14-6	14	8	15	レノヴァール	牡4	56.0	藤岡康太	12	101.7	2-2-2-2	37.0	栗	522
2019	京都	良	17	7-14-6	15	6	11	アドマイヤジャスタ	牡3	53.0	北村友一	9	44.1	5-5-6-7	36.9	栗	514
2019	京都	良	17	7-14-6	16	1	2	アルバート	牡8	56.0	藤岡佑介	13	149.2	16-16-10-15	37.3	栗	478
2019	京都	良	17	7-14-6	中止	8	17	ウインテンダネス	牡6	56.0	菱田裕二	17	345.6	17-17-17-17		栗	508
2018	京都	良	11	2-4-5	1	2	2	サトノダイヤモンド	牡5	57.0	川田将雅	2	2.3	6-6-7-4	34.1	栗	512
2018	京都	良	11	2-4-5	2	4	4	レッドジェノヴァ	牝4	54.0	池添謙一	4	12.9	4-4-4-9	34.3	美	486
2018	京都	良	11	2-4-5	3	5	5	アルバート	牡7	57.0	モレイラ	3	12.7	9-9-9-6	34.4	美	478
2018	京都	良	11	2-4-5	4	7	8	シュヴァルグラン	牡6	58.0	福永祐一	1	2.2	5-5-4-2	34.9	栗	472
2018	京都	良	11	2-4-5	5	3	3	ブレスジャーニー	牡4	56.0	和田竜二	7	26.1	9-9-9-6	34.6	栗	458
2018	京都	良	11	2-4-5	6	8	11	ウインテンダネス	牡5	57.0	菱田裕二	5	14.2	1-1-1-1	36.1	栗	504
2018	京都	良	11	2-4-5	7	6	6	ケントオー	牡6	56.0	小牧太	10	194.9	3-3-4-6	35.3	栗	460
2018	京都	良	11	2-4-5	8	7	9	スマートレイアー	牝8	55.0	浜中俊	6	14.6	8-6-2-2	35.6	栗	480
2018	京都	良	11	2-4-5	9	1	1	モンドインテロ	牡6	56.0	松山弘平	9	125.0	6-6-7-10	35.1	美	484
2018	京都	良	11	2-4-5	10	8	10	サンエイゴールド	牡5	56.0	山本聡哉	11	259.3	11-11-11-11	35.3	招	500
2018	京都	良	11	2-4-5	11	6	7	プラチナムバレット	牡4	56.0	幸英明	8	37.0	2-2-3-4	36.3	栗	478
2017	京都	良	15	4-8-3	1	3	4	スマートレイアー	牝7	54.0	武豊	4	8.6	11-11-13-14	33.4	栗	470
2017	京都	良	15	4-8-3	2	5	8	トーセンバジル	牡5	56.0	岩田康誠	6	11.2	3-3-3-2	34.2	栗	482
2017	京都	良	15	4-8-3	3	2	3	シュヴァルグラン	牡5	57.0	Mデムー	1	2.2	14-14-9-6	34.0	栗	472
2017	京都	良	15	4-8-3	4	3	5	ミッキーロケット	牡4	57.0	和田竜二	3	5.4	6-6-6-8	34.0	栗	484
2017	京都	良	15	4-8-3	5	8	14	レコンダイト	牡7	56.0	北村友一	14	306.0	9-10-11-12	33.9	栗	454
2017	京都	良	15	4-8-3	6	6	10	ラストインパクト	牡7	56.0	浜中俊	10	95.8	1-1-1-1	34.9	栗	488
2017	京都	良	15	4-8-3	7	4	6	ヒットザターゲット	牡9	56.0	小牧太	11	126.0	9-9-9-10	34.2	栗	516
2017	京都	良	15	4-8-3	8	7	12	カレンミロティック	セ9	56.0	池添謙一	9	83.4	3-3-3-4	34.5	栗	
2017	京都	良	15	4-8-3	9	8	15	マキシマムドパリ	牝5	54.0	藤岡佑介	7	46.4	2-2-2-2	35.1	栗	456
2017	京都	良	15	4-8-3	10	4	7	フェイムゲーム	セ7	57.0	ルメール	5	9.8	11-11-11-10	34.6	美	452
2017	京都	良	15	4-8-3	11	1	1	プロレタリアト	牝6	54.0	杉原誠人	13	281.0	6-6-6-6	35.0	美	444
2017	京都	良	15	4-8-3	12	5	9	アクションスター	牡7	56.0	松若風馬	15	402.2	13-13-15-15	34.4	栗	470
2017	京都	良	15	4-8-3	13	2	2	サウンズオブアース	牡6	56.0	横山典弘	2	4.2	6-6-6-8	35.4	栗	500
2017	京都	良	15	4-8-3	14	6	11	バロンドゥフォール	セ7	56.0	古川吉洋	12	242.6	15-15-13-12	35.2	美	470
2017	京都	良	15	4-8-3	15	7	13	ハッピーモーメント	牡7	56.0	藤岡康太	8	68.6	3-3-3-4	35.9	栗	498
2016	京都	良	10	1-3-10	1	1	1	キタサンブラック	牡4	58.0	武豊	1	1.8	2-2-2-2	33.6	栗	538
2016	京都	良	10	1-3-10	2	3	3	アドマイヤデウス	牡5	56.0	岩田康誠	6	17.0	3-3-3-3	33.4	栗	490
2016	京都	良	10	1-3-10	3	8	10	ラブリーデイ	牡6	58.0	ルメール	2	4.4	3-3-3-3	33.5	栗	488
2016	京都	良	10	1-3-10	4	7	8	サウンズオブアース	牡5	56.0	Mデムー	3	4.8	8-7-9-9	33.1	栗	510
2016	京都	良	10	1-3-10	5	8	9	ヒットザターゲット	牡8	56.0	小牧太	7	49.0	6-6-7-6	33.5	栗	514
2016	京都	良	10	1-3-10	6	7	7	アクションスター	牡6	56.0	北村友一	10	178.5	9-9-10-10	33.0	栗	472
2016	京都	良	10	1-3-10	7	4	4	ラストインパクト	牡6	56.0	川田将雅	5	11.9	5-5-5-3	34.1	栗	490
2016	京都	良	10	1-3-10	8	6	6	ヤマカツライデン	牡4	56.0	池添謙一	4	11.4	1-1-1-1	34.5	栗	532
2016	京都	良	10	1-3-10	9	2	2	ファタモルガーナ	セ8	56.0	浜中俊	9	85.1	10-10-7-6	33.9	栗	500
2016	京都	良	10	1-3-10	10	5	5	タマモベストプレイ	牡6	56.0	藤岡康太	8	74.7	6-7-5-6	34.6	栗	478
