rank	waku	umaban	name	sexage	kinryo	jockey	time	margin	ninki	odds	agari	pass
1	6	12	エコロディノス	牡4	57.0	田口	2:24.0	-	11	29.0	34.9	2-2-2-1
2	5	10	マイネルエンペラー	牡6	57.0	吉村	2:24.1	3/4	8	21.8	34.7	5-4-4-3
3	3	6	アクアヴァーナル	牝5	55.0	松山	2:24.2	クビ	2	5.5	34.7	11-11-7-3
4	2	3	ディープモンスター	牡8	58.0	浜中	2:24.2	クビ	3	5.6	34.8	3-3-4-3
5	2	4	ヘデントール	牡5	58.0	吉田隼	2:24.3	クビ	5	8.8	34.2	14-14-15-17
6	1	1	ウエストナウ	牡5	57.0	横山和	2:24.4	1/2	4	7.4	34.8	6-6-7-7
7	1	2	ヴェルテンベルク	牡6	57.0	古川吉	2:24.7	2	7	17.0	34.9	17-17-16-7
8	7	13	サフィラ	牝5	55.0	北村友	2:24.7	クビ	15	73.3	34.6	16-16-16-15
9	8	18	ダノンシーマ	牡4	57.0	川田	2:24.8	クビ	1	5.1	35.2	6-6-7-7
10	8	16	ショウナンラプンタ	牡5	57.0	池添	2:24.9	1/2	13	30.6	35.2	14-14-13-7
11	5	9	ミステリーウェイ	セ8	58.0	松本	2:25.0	1/2	14	53.0	35.9	1-1-1-1
12	6	11	ファミリータイム	牡5	57.0	鮫島駿	2:25.0	クビ	9	22.7	35.1	8-8-11-12
13	3	5	ヴェルミセル	牝6	55.0	川又	2:25.0	アタマ	16	94.2	35.0	11-11-13-15
14	4	7	リビアングラス	牡6	57.0	小沢	2:25.1	3/4	18	144.0	35.3	13-13-11-12
15	7	15	メイショウブレゲ	牡7	57.0	酒井	2:25.1	ハナ	17	138.0	34.8	17-17-18-17
16	8	17	キングスコール	牡4	57.0	吉田豊	2:25.3	3/4	12	30.3	36.1	3-4-2-3
17	7	14	サヴォーナ	牡6	57.0	斎藤	2:25.3	クビ	10	27.0	35.5	8-9-10-12
18	4	8	ミクニインスパイア	牡4	57.0	Ｍデムーロ	2:25.6	2	6	9.1	36.1	8-9-4-7
